Workbook

Sheet Sheet1
A1: Date | B1: EUR_USD | C1: GBP_USD | D1: CNY_USD | E1: VIX | F1: WTI | G1: GOLD | H1: dollar | I1: GAS | J1: Copper
A2: 39957 | B2: 1.4154 | C2: 1.6185 | D2: 0.14644934 | E2: 28.92 | F2: 66.31 | G2: =VLOOKUP(A2,[1]黄金期货历史数据!$A:$B,2,) -> 980.3 | H2: 79.43 | I2: 3.835 | J2: 2.1995
A3: 39964 | B3: 1.3975 | C3: 1.5979 | D3: 0.14634646 | E3: 29.62 | F3: 68.44 | G3: =VLOOKUP(A3,[1]黄金期货历史数据!$A:$B,2,) -> 962.6 | H3: 80.73 | I3: 3.868 | J3: 2.29
A4: 39971 | B4: 1.4024 | C4: 1.6444 | D4: 0.14629722 | E4: 28.15 | F4: 72.04 | G4: =VLOOKUP(A4,[1]黄金期货历史数据!$A:$B,2,) -> 940.7 | H4: 80.175 | I4: 3.857 | J4: 2.3785
A5: 39978 | B5: 1.3943 | C5: 1.6507 | D5: 0.14627796 | E5: 27.99 | F5: 69.55 | G5: =VLOOKUP(A5,[1]黄金期货历史数据!$A:$B,2,) -> 936.2 | H5: 80.63 | I5: 4.032 | J5: 2.2565
A6: 39985 | B6: 1.4053 | C6: 1.6522 | D6: 0.14633789 | E6: 25.93 | F6: 69.16 | G6: =VLOOKUP(A6,[1]黄金期货历史数据!$A:$B,2,) -> 941 | H6: 80.105 | I6: 3.949 | J6: 2.3025
A7: 39992 | B7: 1.3964 | C7: 1.634 | D7: 0.14635931 | E7: 29 | F7: 66.73 | G7: =VLOOKUP(A7,[1]黄金期货历史数据!$A:$B,2,) -> 931.6 | H7: 80.665 | I7: 3.615 | J7: 2.3055
A8: 39999 | B8: 1.3933 | C8: 1.62 | D8: 0.14635503 | E8: 29.02 | F8: 59.89 | G8: =VLOOKUP(A8,[1]黄金期货历史数据!$A:$B,2,) -> 913.2 | H8: 80.43 | I8: 3.373 | J8: 2.2115
A9: 40006 | B9: 1.4099 | C9: 1.633 | D9: 0.14638288 | E9: 24.34 | F9: 63.56 | G9: =VLOOKUP(A9,[1]黄金期货历史数据!$A:$B,2,) -> 938.1 | H9: 79.505 | I9: 3.669 | J9: 2.423
A10: 40013 | B10: 1.4205 | C10: 1.6431 | D10: 0.14638288 | E10: 23.09 | F10: 68.05 | G10: =VLOOKUP(A10,[1]黄金期货历史数据!$A:$B,2,) -> 953.8 | H10: 78.895 | I10: 3.695 | J10: 2.522
A11: 40020 | B11: 1.425 | C11: 1.6721 | D11: 0.14636788 | E11: 25.92 | F11: 69.45 | G11: =VLOOKUP(A11,[1]黄金期货历史数据!$A:$B,2,) -> 954.5 | H11: 78.45 | I11: 3.653 | J11: 2.6245
A12: 40027 | B12: 1.4188 | C12: 1.6683 | D12: 0.14637431 | E12: 24.76 | F12: 70.93 | G12: =VLOOKUP(A12,[1]黄金期货历史数据!$A:$B,2,) -> 958.1 | H12: 79.105 | I12: 3.674 | J12: 2.7895
A13: 40034 | B13: 1.4205 | C13: 1.6541 | D13: 0.14631862 | E13: 24.27 | F13: 67.51 | G13: =VLOOKUP(A13,[1]黄金期货历史数据!$A:$B,2,) -> 947.6 | H13: 79.005 | I13: 3.238 | J13: 2.84
... A738: 45109 | B738: 1.0878 | C738: 1.274 | D738: 0.13828963 | E738: 15.78 | F738: 72.01 | G738: =VLOOKUP(A738,[1]黄金期货历史数据!$A:$B,2,) -> 1921.25 | H738: 102.755 | I738: 2.644 | J738: 3.7657
