Workbook

Sheet Sheet1
A1: Date | B1: 阿根廷Merval指数 | C1: 巴西IBOVESPA指数 | D1: 澳大利亚S&P/ASX200指数 | E1: 美国道琼斯指数 | F1: 加拿大TSX指数 | G1: 美国罗素2000指数 | H1: 美国标普500指数 | I1: 美国纳斯达克工业指数 | J1: 墨西哥BMV指数 | K1: 智利SPCLXIGPA指数 | L1: 波兰华沙WIG20指数 | M1: 德国DAX30指数 | N1: 俄罗斯IRS指数 | O1: 法国CAC40指数 | P1: 荷兰AEX指数 | Q1: 瑞士SWI20指数 | R1: 土耳其XU100指数 | S1: 西班牙IBEX35指数 | T1: 英国富时100指数 | U1: 欧洲STOXX指数 | V1: 韩国KOSPI指数 | W1: 日经225指数 | X1: 以色列TA35指数 | Y1: 上证指数 | Z1: 深证成指 | AA1: 台湾加权指数 | AB1: 香港恒生指数 | AC1: 新加坡海峡时报指数 | AD1: 印度NIFTY指数 | AE1: 越南VN30指数 | AF1: 南非40指数 | AG1: 埃及EGX30指数 | AH1: 摩洛哥MASI指数 | AI1: 尼日利亚NSE30指数 | AJ1: 坦桑尼亚全股指数
A2: 40167 | B2: 2249.35 | C2: 67589 | D2: 4790.9 | E2: 10520.1 | F2: 11754.61 | G2: 634.07 | H2: 1126.48 | I2: 2285.69 | J2: 32548.53 | K2: 16420.43 | L2: 2371.07 | M2: 5957.44 | N2: =VLOOKUP(A2,'[1]俄罗斯交易系统市值加权指数历史数据 (1)'!$A:$B,2,) -> 1450.25 | O2: 3912.73 | P2: 333.6 | Q2: 6579.98 | R2: 516.61 | S2: 11967.5 | T2: 5402.41 | U2: 2957.03 | V2: =VLOOKUP(A2,[2]韩国KOSPI指数历史数据!$A:$B,2,) -> 1682.34 | W2: =VLOOKUP(A2,[3]日经225指数历史数据!$A:$B,2,) -> 10494.71 | X2: 1146.28 | Y2: =VLOOKUP(A2,[4]上证指数历史数据!$A:$B,2,) -> 3141.35 | Z2: =VLOOKUP(A2,[5]深证成份指数历史数据!$A:$B,2,) -> 13289.94 | AA2: =VLOOKUP(A2,[6]台湾加权指数历史数据!$A:$B,2,) -> 7972.59 | AB2: 21517 | AC2: 2837.7 | AD2: 5178.4 | AE2: =VLOOKUP(A2,[7]越南VN30指数历史数据!$A:$B,2,) -> 527.54 | AF2: 24969.9 | AG2: 9465.01 | AH2: 10426.73 | AI2: 829.26 | AJ2: 1192.07
A3: 40174 | B3: 2320.73 | C3: 68588 | D3: 4870.6 | E3: 10428.05 | F3: 11746.11 | G3: 625.39 | H3: 1115.1 | I3: 2269.15 | J3: 32120.47 | K3: 16630.91 | L3: 2388.72 | M3: 5957.43 | N3: =VLOOKUP(A3,'[1]俄罗斯交易系统市值加权指数历史数据 (1)'!$A:$B,2,) -> 1444.61 | O3: 3936.33 | P3: 335.33 | Q3: 6545.91 | R3: 528.25 | S3: 11940 | T3: 5412.88 | U3: 2964.96 | V3: =VLOOKUP(A3,[2]韩国KOSPI指数历史数据!$A:$B,2,) -> 1682.77 | W3: =VLOOKUP(A3,[3]日经225指数历史数据!$A:$B,2,) -> 10546.44 | X3: 1145.06 | Y3: =VLOOKUP(A3,[4]上证指数历史数据!$A:$B,2,) -> 3277.14 | Z3: =VLOOKUP(A3,[5]深证成份指数历史数据!$A:$B,2,) -> 13699.97 | AA3: =VLOOKUP(A3,[6]台湾加权指数历史数据!$A:$B,2,) -> 8188.11 | AB3: 21872.5 | AC3: 2897.62 | AD3: 5201.05 | AE3: =VLOOKUP(A3,[7]越南VN30指数历史数据!$A:$B,2,) -> 525.97 | AF3: 24996.97 | AG3: 9230.95 | AH3: 10443.81 | AI3: 848.08 | AJ3: 1192.37
A4: 40181 | B4: 2352.76 | C4: 70263 | D4: 4912.1 | E4: 10618.19 | F4: 11953.83 | G4: 644.56 | H4: 1144.98 | I4: 2317.17 | J4: 32892.04 | K4: 17193.74 | L4: 2440.42 | M4: 6037.61 | N4: =VLOOKUP(A4,'[1]俄罗斯交易系统市值加权指数历史数据 (1)'!$A:$B,2,) -> #N/A | O4: 4045.14 | P4: 341.94 | Q4: 6617.88 | R4: 547.98 | S4: 12163 | T4: 5534.24 | U4: 3017.85 | V4: =VLOOKUP(A4,[2]韩国KOSPI指数历史数据!$A:$B,2,) -> 1695.26 | W4: =VLOOKUP(A4,[3]日经225指数历史数据!$A:$B,2,) -> 10798.32 | X4: 1166.23 | Y4: =VLOOKUP(A4,[4]上证指数历史数据!$A:$B,2,) -> 3196 | Z4: =VLOOKUP(A4,[5]深证成份指数历史数据!$A:$B,2,) -> 13267.44 | AA4: =VLOOKUP(A4,[6]台湾加权指数历史数据!$A:$B,2,) -> 8280.9 | AB4: 22296.75 | AC4: 2922.76 | AD4: 5244.75 | AE4: =VLOOKUP(A4,[7]越南VN30指数历史数据!$A:$B,2,) -> 547.5 | AF4: 25586.73 | AG4: 9603.19 | AH4: 10782.2 | AI4: 889.55 | AJ4: 1190.97
A5: 40188 | B5: 2371.11 | C5: 68978 | D5: 4899.6 | E5: 10609.65 | F5: 11685.37 | G5: 637.96 | H5: 1136.03 | I5: 2287.99 | J5: 32262.3 | K5: 17347.91 | L5: 2442.38 | M5: 5875.97 | N5: =VLOOKUP(A5,'[1]俄罗斯交易系统市值加权指数历史数据 (1)'!$A:$B,2,) -> 1559.25 | O5: 3954.38 | P5: 337.99 | Q5: 6576.02 | R5: 540.06 | S5: 11845 | T5: 5455.37 | U5: 2940.25 | V5: =VLOOKUP(A5,[2]韩国KOSPI指数历史数据!$A:$B,2,) -> 1701.8 | W5: =VLOOKUP(A5,[3]日经225指数历史数据!$A:$B,2,) -> 10982.1 | X5: 1146.95 | Y5: =VLOOKUP(A5,[4]上证指数历史数据!$A:$B,2,) -> 3224.15 | Z5: =VLOOKUP(A5,[5]深证成份指数历史数据!$A:$B,2,) -> 13264.37 | AA5: =VLOOKUP(A5,[6]台湾加权指数历史数据!$A:$B,2,) -> 8356.89 | AB5: 21654.16 | AC5: 2908.42 | AD5: 5252.2 | AE5: =VLOOKUP(A5,[7]越南VN30指数历史数据!$A:$B,2,) -> 528.89 | AF5: 25278.6 | AG5: 9953.17 | AH5: 10810.91 | AI5: 911.29 | AJ5: 1189.67
A6: 40195 | B6: 2331.6 | C6: 66220 | D6: 4750.6 | E6: 10172.98 | F6: 11343.43 | G6: 617.12 | H6: 1091.76 | I6: 2205.29 | J6: 30830.91 | K6: 17446.54 | L6: 2407.78 | M6: 5695.32 | N6: =VLOOKUP(A6,'[1]俄罗斯交易系统市值加权指数历史数据 (1)'!$A:$B,2,) -> 1489.46 | O6: 3820.78 | P6: 329.48 | Q6: 6493.96 | R6: 539.97 | S6: 11373.4 | T6: 5302.99 | U6: 2836.8 | V6: =VLOOKUP(A6,[2]韩国KOSPI指数历史数据!$A:$B,2,) -> 1684.35 | W6: =VLOOKUP(A6,[3]日经225指数历史数据!$A:$B,2,) -> 10590.55 | X6: 1155.62 | Y6: =VLOOKUP(A6,[4]上证指数历史数据!$A:$B,2,) -> 3128.59 | Z6: =VLOOKUP(A6,[5]深证成份指数历史数据!$A:$B,2,) -> 12595.93 | AA6: =VLOOKUP(A6,[6]台湾加权指数历史数据!$A:$B,2,) -> 7927.31 | AB6: 20726.18 | AC6: 2819.71 | AD6: 5036 | AE6: =VLOOKUP(A6,[7]越南VN30指数历史数据!$A:$B,2,) -> 503.64 | AF6: 24428.41 | AG6: 10237.75 | AH6: 10920.14 | AI6: 911.71 | AJ6: 1189.2
A7: 40202 | B7: 2298.55 | C7: 65402 | D7: 4569.6 | E7: 10067.33 | F7: 11094.31 | G7: 602.04 | H7: 1073.87 | I7: 2147.35 | J7: 30391.61 | K7: 17594.64 | L7: 2382.64 | M7: 5608.79 | N7: =VLOOKUP(A7,'[1]俄罗斯交易系统市值加权指数历史数据 (1)'!$A:$B,2,) -> 1473.81 | O7: 3739.46 | P7: 327.9 | Q7: 6440.72 | R7: 546.51 | S7: 10947.7 | T7: 5188.52 | U7: 2776.83 | V7: =VLOOKUP(A7,[2]韩国KOSPI指数历史数据!$A:$B,2,) -> 1602.43 | W7: =VLOOKUP(A7,[3]日经225指数历史数据!$A:$B,2,) -> 10198.04 | X7: 1135.79 | Y7: =VLOOKUP(A7,[4]上证指数历史数据!$A:$B,2,) -> 2989.29 | Z7: =VLOOKUP(A7,[5]深证成份指数历史数据!$A:$B,2,) -> 12137.2 | AA7: =VLOOKUP(A7,[6]台湾加权指数历史数据!$A:$B,2,) -> 7640.44 | AB7: 20121.99 | AC7: 2745.35 | AD7: 4882.05 | AE7: =VLOOKUP(A7,[7]越南VN30指数历史数据!$A:$B,2,) -> 504.97 | AF7: 24041.26 | AG7: 9983.67 | AH7: 10928.44 | AI7: 923.7 | AJ7: 1188.38
A8: 40209 | B8: 2165.15 | C8: 62763 | D8: 4514.1 | E8: 10012.23 | F8: 11223.12 | G8: 592.98 | H8: 1066.19 | I8: 2141.12 | J8: 30630.73 | K8: 17191.53 | L8: 2195.65 | M8: 5434.34 | N8: =VLOOKUP(A8,'[1]俄罗斯交易系统市值加权指数历史数据 (1)'!$A:$B,2,) -> 1411.14 | O8: 3563.76 | P8: 315.04 | Q8: 6264.33 | R8: 514.55 | S8: 10103.3 | T8: 5060.92 | U8: 2631.64 | V8: =VLOOKUP(A8,[2]韩国KOSPI指数历史数据!$A:$B,2,) -> 1567.12 | W8: =VLOOKUP(A8,[3]日经225指数历史数据!$A:$B,2,) -> 10057.09 | X8: 1135.17 | Y8: =VLOOKUP(A8,[4]上证指数历史数据!$A:$B,2,) -> 2939.4 | Z8: =VLOOKUP(A8,[5]深证成份指数历史数据!$A:$B,2,) -> 11917.14 | AA8: =VLOOKUP(A8,[6]台湾加权指数历史数据!$A:$B,2,) -> 7212.87 | AB8: 19665.08 | AC8: 2683.56 | AD8: 4718.65 | AE8: =VLOOKUP(A8,[7]越南VN30指数历史数据!$A:$B,2,) -> 521.39 | AF8: 23111.25 | AG8: 10409.92 | AH8: 10926.96 | AI8: 953.82 | AJ8: 1185.95
A9: 40216 | B9: 2273.41 | C9: 65855 | D9: 4562.1 | E9: 10099.14 | F9: 11469.81 | G9: 610.72 | H9: 1075.51 | I9: 2183.53 | J9: 31005.74 | K9: 17507.14 | L9: 2216.71 | M9: 5500.39 | N9: =VLOOKUP(A9,'[1]俄罗斯交易系统市值加权指数历史数据 (1)'!$A:$B,2,) -> 1363.83 | O9: 3599.07 | P9: 315.74 | Q9: 6416.2 | R9: 510.64 | S9: 10224.9 | T9: 5142.45 | U9: 2674.46 | V9: =VLOOKUP(A9,[2]韩国KOSPI指数历史数据!$A:$B,2,) -> 1593.66 | W9: =VLOOKUP(A9,[3]日经225指数历史数据!$A:$B,2,) -> 10092.19 | X9: 1136.46 | Y9: =VLOOKUP(A9,[4]上证指数历史数据!$A:$B,2,) -> 3018.13 | Z9: =VLOOKUP(A9,[5]深证成份指数历史数据!$A:$B,2,) -> 12304.78 | AA9: =VLOOKUP(A9,[6]台湾加权指数历史数据!$A:$B,2,) -> 7441.84 | AB9: 20268.69 | AC9: 2758.9 | AD9: 4826.85 | AE9: =VLOOKUP(A9,[7]越南VN30指数历史数据!$A:$B,2,) -> 535.8 | AF9: 23569.11 | AG9: 10357.91 | AH9: 11097.27 | AI9: 958.16 | AJ9: 1177.88
A10: 40223 | B10: 2334.99 | C10: 67597 | D10: 4635.1 | E10: 10402.35 | F10: 11709.29 | G10: 631.62 | H10: 1109.17 | I10: 2243.87 | J10: 32172.11 | K10: 17823.69 | L10: 2249.48 | M10: 5722.05 | N10: =VLOOKUP(A10,'[1]俄罗斯交易系统市值加权指数历史数据 (1)'!$A:$B,2,) -> 1423.13 | O10: 3769.54 | P10: 325.6 | Q10: 6709.68 | R10: 533.19 | S10: 10676.7 | T10: 5358.17 | U10: 2793.37 | V10: =VLOOKUP(A10,[2]韩国KOSPI指数历史数据!$A:$B,2,) -> 1593.9 | W10: =VLOOKUP(A10,[3]日经225指数历史数据!$A:$B,2,) -> 10123.58 | X10: 1165.96 | Y10: =VLOOKUP(A10,[4]上证指数历史数据!$A:$B,2,) -> #N/A | Z10: =VLOOKUP(A10,[5]深证成份指数历史数据!$A:$B,2,) -> #N/A | AA10: =VLOOKUP(A10,[6]台湾加权指数历史数据!$A:$B,2,) -> #N/A | AB10: 19894.02 | AC10: 2757.14 | AD10: 4844.9 | AE10: =VLOOKUP(A10,[7]越南VN30指数历史数据!$A:$B,2,) -> #N/A | AF10: 24352.61 | AG10: 10254.07 | AH10: 11053.55 | AI10: 966.11 | AJ10: 1181.9
A11: 40230 | B11: 2221.38 | C11: 66503 | D11: 4637.7 | E11: 10325.26 | F11: 11629.63 | G11: 628.56 | H11: 1104.49 | I11: 2238.26 | J11: 31634.54 | K11: 17789.25 | L11: 2265.01 | M11: 5598.46 | N11: =VLOOKUP(A11,'[1]俄罗斯交易系统市值加权指数历史数据 (1)'!$A:$B,2,) -> 1390.25 | O11: 3708.8 | P11: 317.74 | Q11: 6710.99 | R11: 497.05 | S11: 10333.6 | T11: 5354.52 | U11: 2728.47 | V11: =VLOOKUP(A11,[2]韩国KOSPI指数历史数据!$A:$B,2,) -> 1594.58 | W11: =VLOOKUP(A11,[3]日经225指数历史数据!$A:$B,2,) -> 10126.03 | X11: 1159.61 | Y11: =VLOOKUP(A11,[4]上证指数历史数据!$A:$B,2,) -> 3051.94 | Z11: =VLOOKUP(A11,[5]深证成份指数历史数据!$A:$B,2,) -> 12436.66 | AA11: =VLOOKUP(A11,[6]台湾加权指数历史数据!$A:$B,2,) -> 7436.1 | AB11: 20608.7 | AC11: 2750.86 | AD11: 4922.3 | AE11: =VLOOKUP(A11,[7]越南VN30指数历史数据!$A:$B,2,) -> 517.02 | AF11: 23994.59 | AG11: 10053.68 | AH11: 11096.8 | AI11: 956.18 | AJ11: 1181.9
A12: 40237 | B12: 2298.74 | C12: 68847 | D12: 4767.2 | E12: 10566.2 | F12: 11975.14 | G12: 666.02 | H12: 1138.7 | I12: 2326.35 | J12: 32436.53 | K12: 17632.64 | L12: 2389.37 | M12: 5877.36 | N12: =VLOOKUP(A12,'[1]俄罗斯交易系统市值加权指数历史数据 (1)'!$A:$B,2,) -> 1508.21 | O12: 3910.42 | P12: 338.68 | Q12: 6847.78 | R12: 526.26 | S12: 11019.8 | T12: 5599.76 | U12: 2877.44 | V12: =VLOOKUP(A12,[2]韩国KOSPI指数历史数据!$A:$B,2,) -> 1634.57 | W12: =VLOOKUP(A12,[3]日经225指数历史数据!$A:$B,2,) -> 10368.96 | X12: 1207.63 | Y12: =VLOOKUP(A12,[4]上证指数历史数据!$A:$B,2,) -> 3031.07 | Z12: =VLOOKUP(A12,[5]深证成份指数历史数据!$A:$B,2,) -> 12341.74 | AA12: =VLOOKUP(A12,[6]台湾加权指数历史数据!$A:$B,2,) -> 7666.26 | AB12: 20787.97 | AC12: 2790.29 | AD12: 5088.7 | AE12: =VLOOKUP(A12,[7]越南VN30指数历史数据!$A:$B,2,) -> 538.84 | AF12: 25058.42 | AG12: 10156.82 | AH12: 10985.17 | AI12: 956.98 | AJ12: 1181.86
A13: 40244 | B13: 2359.97 | C13: 69341 | D13: 4818.1 | E13: 10624.69 | F13: 12013.82 | G13: 676.59 | H13: 1149.99 | I13: 2367.66 | J13: 32578.05 | K13: 17819.13 | L13: 2415.82 | M13: 5945.11 | N13: =VLOOKUP(A13,'[1]俄罗斯交易系统市值加权指数历史数据 (1)'!$A:$B,2,) -> 1534.68 | O13: 3927.4 | P13: 339.57 | Q13: 6836.6 | R13: 522.33 | S13: 11077 | T13: 5625.65 | U13: 2898.36 | V13: =VLOOKUP(A13,[2]韩国KOSPI指数历史数据!$A:$B,2,) -> 1662.74 | W13: =VLOOKUP(A13,[3]日经225指数历史数据!$A:$B,2,) -> 10751.26 | X13: 1209.4 | Y13: =VLOOKUP(A13,[4]上证指数历史数据!$A:$B,2,) -> 3013.41 | Z13: =VLOOKUP(A13,[5]深证成份指数历史数据!$A:$B,2,) -> 12169.11 | AA13: =VLOOKUP(A13,[6]台湾加权指数历史数据!$A:$B,2,) -> 7748.33 | AB13: 21209.74 | AC13: 2881.36 | AD13: 5137 | AE13: =VLOOKUP(A13,[7]越南VN30指数历史数据!$A:$B,2,) -> 561.36 | AF13: 25373.37 | AG13: 10131.59 | AH13: 11021.88 | AI13: 1008.08 | AJ13: 1179.88
A14: 40251 | B14: 2381.1 | C14: 68829 | D14: 4872.2 | E14: 10741.98 | F14: 11947.98 | G14: 673.89 | H14: 1159.9 | I14: 2374.41 | J14: 33022.84 | K14: 17627.22 | L14: 2441.39 | M14: 5982.43 | N14: =VLOOKUP(A14,'[1]俄罗斯交易系统市值加权指数历史数据 (1)'!$A:$B,2,) -> 1544.71 | O14: 3925.44 | P14: 338.65 | Q14: 6880.76 | R14: 534.37 | S14: 10990.8 | T14: 5650.12 | U14: 2897.95 | V14: =VLOOKUP(A14,[2]韩国KOSPI指数历史数据!$A:$B,2,) -> 1686.11 | W14: =VLOOKUP(A14,[3]日经225指数历史数据!$A:$B,2,) -> 10824.72 | X14: 1214.93 | Y14: =VLOOKUP(A14,[4]上证指数历史数据!$A:$B,2,) -> 3067.75 | Z14: =VLOOKUP(A14,[5]深证成份指数历史数据!$A:$B,2,) -> 12352.92 | AA14: =VLOOKUP(A14,[6]台湾加权指数历史数据!$A:$B,2,) -> 7897.91 | AB14: 21370.82 | AC14: 2915.7 | AD14: 5262.8 | AE14: =VLOOKUP(A14,[7]越南VN30指数历史数据!$A:$B,2,) -> 542.82 | AF14: 25667.58 | AG14: 9874.14 | AH14: 10984.99 | AI14: 1021.99 | AJ14: 1177.13
A15: 40258 | B15: 2402.45 | C15: 68683 | D15: 4896.9 | E15: 10850.36 | F15: 11957.37 | G15: 678.97 | H15: 1166.59 | I15: 2395.13 | J15: 33147.81 | K15: 17582.47 | L15: 2495.65 | M15: 6120.05 | N15: =VLOOKUP(A15,'[1]俄罗斯交易系统市值加权指数历史数据 (1)'!$A:$B,2,) -> 1519.87 | O15: 3988.93 | P15: 343.81 | Q15: 6838.95 | R15: 566.11 | S15: 11071.1 | T15: 5703.02 | U15: 2940.94 | V15: =VLOOKUP(A15,[2]韩国KOSPI指数历史数据!$A:$B,2,) -> 1697.72 | W15: =VLOOKUP(A15,[3]日经225指数历史数据!$A:$B,2,) -> 10996.37 | X15: 1231.3 | Y15: =VLOOKUP(A15,[4]上证指数历史数据!$A:$B,2,) -> 3059.72 | Z15: =VLOOKUP(A15,[5]深证成份指数历史数据!$A:$B,2,) -> 12240.36 | AA15: =VLOOKUP(A15,[6]台湾加权指数历史数据!$A:$B,2,) -> 7876.86 | AB15: 21053.11 | AC15: 2906.28 | AD15: 5282 | AE15: =VLOOKUP(A15,[7]越南VN30指数历史数据!$A:$B,2,) -> 530.84 | AF15: 25663.36 | AG15: 10097.94 | AH15: 11228.49 | AI15: 1024.79 | AJ15: 1177.09
A16: 40265 | B16: 2373.71 | C16: 71136 | D16: 4907.7 | E16: 10927.07 | F16: 12151.06 | G16: 683.98 | H16: 1178.1 | I16: 2402.58 | J16: 33266.43 | K16: 17773.8 | L16: 2552.5 | M16: 6235.56 | N16: =VLOOKUP(A16,'[1]俄罗斯交易系统市值加权指数历史数据 (1)'!$A:$B,2,) -> 1614.45 | O16: 4034.23 | P16: 351.44 | Q16: 6888.92 | R16: 580.6 | S16: 11067.9 | T16: 5744.89 | U16: 2978.5 | V16: =VLOOKUP(A16,[2]韩国KOSPI指数历史数据!$A:$B,2,) -> 1723.49 | W16: =VLOOKUP(A16,[3]日经225指数历史数据!$A:$B,2,) -> 11286.09 | X16: 1233.3 | Y16: =VLOOKUP(A16,[4]上证指数历史数据!$A:$B,2,) -> 3157.96 | Z16: =VLOOKUP(A16,[5]深证成份指数历史数据!$A:$B,2,) -> 12767.86 | AA16: =VLOOKUP(A16,[6]台湾加权指数历史数据!$A:$B,2,) -> 8025.93 | AB16: 21537 | AC16: 2943.02 | AD16: 5290.5 | AE16: =VLOOKUP(A16,[7]越南VN30指数历史数据!$A:$B,2,) -> 534.26 | AF16: 26113.3 | AG16: 10238.53 | AH16: 11353.56 | AI16: 1048.12 | AJ16: 1174.85
A17: 40272 | B17: 2487.76 | C17: 71417 | D17: 4948.1 | E17: 10997.35 | F17: 12176.84 | G17: 702.95 | H17: 1194.37 | I17: 2454.05 | J17: 33840.85 | K17: 17942.86 | L17: 2553.58 | M17: 6249.7 | N17: =VLOOKUP(A17,'[1]俄罗斯交易系统市值加权指数历史数据 (1)'!$A:$B,2,) -> 1631.81 | O17: 4050.54 | P17: 355.89 | Q17: 6888.97 | R17: 591.85 | S17: 11394.2 | T17: 5770.98 | U17: 2993.54 | V17: =VLOOKUP(A17,[2]韩国KOSPI指数历史数据!$A:$B,2,) -> 1724.47 | W17: =VLOOKUP(A17,[3]日经225指数历史数据!$A:$B,2,) -> 11204.34 | X17: 1212.02 | Y17: =VLOOKUP(A17,[4]上证指数历史数据!$A:$B,2,) -> 3145.35 | Z17: =VLOOKUP(A17,[5]深证成份指数历史数据!$A:$B,2,) -> 12555.12 | AA17: =VLOOKUP(A17,[6]台湾加权指数历史数据!$A:$B,2,) -> 8092.03 | AB17: 22208.5 | AC17: 2971.97 | AD17: 5361.75 | AE17: =VLOOKUP(A17,[7]越南VN30指数历史数据!$A:$B,2,) -> 540.28 | AF17: 26368.35 | AG17: 10821.14 | AH17: 11394.1 | AI17: 1122.61 | AJ17: 1173.45
A18: 40279 | B18: 2398.94 | C18: 69421 | D18: 4984.7 | E18: 11018.66 | F18: 12070.66 | G18: 714.62 | H18: 1192.13 | I18: 2481.26 | J18: 33621.39 | K18: 17790.81 | L18: 2594.83 | M18: 6180.9 | N18: =VLOOKUP(A18,'[1]俄罗斯交易系统市值加权指数历史数据 (1)'!$A:$B,2,) -> 1642.57 | O18: 3986.63 | P18: 349.75 | Q18: 6893.69 | R18: 582.24 | S18: 11259.7 | T18: 5743.96 | U18: 2949.65 | V18: =VLOOKUP(A18,[2]韩国KOSPI指数历史数据!$A:$B,2,) -> 1734.49 | W18: =VLOOKUP(A18,[3]日经225指数历史数据!$A:$B,2,) -> 11102.18 | X18: 1215.01 | Y18: =VLOOKUP(A18,[4]上证指数历史数据!$A:$B,2,) -> 3130.3 | Z18: =VLOOKUP(A18,[5]深证成份指数历史数据!$A:$B,2,) -> 12416.86 | AA18: =VLOOKUP(A18,[6]台湾加权指数历史数据!$A:$B,2,) -> 8111.57 | AB18: 21865.26 | AC18: 3007.19 | AD18: 5262.6 | AE18: =VLOOKUP(A18,[7]越南VN30指数历史数据!$A:$B,2,) -> 541.88 | AF18: 26058.05 | AG18: 11298.93 | AH18: 11966.51 | AI18: 1140.44 | AJ18: 1168.08
A19: 40286 | B19: 2447.03 | C19: 69509 | D19: 4881.5 | E19: 11204.28 | F19: 12239.64 | G19: 741.92 | H19: 1217.28 | I19: 2530.15 | J19: 33853.69 | K19: 17929.26 | L19: 2514.63 | M19: 6259.53 | N19: =VLOOKUP(A19,'[1]俄罗斯交易系统市值加权指数历史数据 (1)'!$A:$B,2,) -> 1602.99 | O19: 3951.3 | P19: 353.38 | Q19: 6767.97 | R19: 583.38 | S19: 10918.2 | T19: 5723.65 | U19: 2918.11 | V19: =VLOOKUP(A19,[2]韩国KOSPI指数历史数据!$A:$B,2,) -> 1737.03 | W19: =VLOOKUP(A19,[3]日经225指数历史数据!$A:$B,2,) -> 10914.46 | X19: 1199.63 | Y19: =VLOOKUP(A19,[4]上证指数历史数据!$A:$B,2,) -> 2983.54 | Z19: =VLOOKUP(A19,[5]深证成份指数历史数据!$A:$B,2,) -> 11702.87 | AA19: =VLOOKUP(A19,[6]台湾加权指数历史数据!$A:$B,2,) -> 8004.89 | AB19: 21244.49 | AC19: 2988.49 | AD19: 5304.1 | AE19: =VLOOKUP(A19,[7]越南VN30指数历史数据!$A:$B,2,) -> 551.44 | AF19: 25906.7 | AG19: 11153.45 | AH19: 12135.52 | AI19: 1123.03 | AJ19: 1167.56
A20: 40293 | B20: 2396.27 | C20: 67530 | D20: 4807.4 | E20: 11008.61 | F20: 12210.7 | G20: 716.6 | H20: 1186.69 | I20: 2461.19 | J20: 32687.32 | K20: 18039.09 | L20: 2547.52 | M20: 6135.7 | N20: =VLOOKUP(A20,'[1]俄罗斯交易系统市值加权指数历史数据 (1)'!$A:$B,2,) -> 1572.84 | O20: 3816.99 | P20: 345.91 | Q20: 6616.82 | R20: 589.59 | S20: 10492.2 | T20: 5553.29 | U20: 2816.86 | V20: =VLOOKUP(A20,[2]韩国KOSPI指数历史数据!$A:$B,2,) -> 1741.56 | W20: =VLOOKUP(A20,[3]日经225指数历史数据!$A:$B,2,) -> 11057.4 | X20: 1164.23 | Y20: =VLOOKUP(A20,[4]上证指数历史数据!$A:$B,2,) -> 2870.61 | Z20: =VLOOKUP(A20,[5]深证成份指数历史数据!$A:$B,2,) -> 11162.54 | AA20: =VLOOKUP(A20,[6]台湾加权指数历史数据!$A:$B,2,) -> 8004.25 | AB20: 21108.59 | AC20: 2974.61 | AD20: 5278 | AE20: =VLOOKUP(A20,[7]越南VN30指数历史数据!$A:$B,2,) -> 560.62 | AF20: 25629.93 | AG20: 11127.16 | AH20: 12286.99 | AI20: 1085.57 | AJ20: 1167.47
A21: 40300 | B21: 2160.2 | C21: 62871 | D21: 4480.7 | E21: 10380.43 | F21: 11692.43 | G21: 653 | H21: 1110.88 | I21: 2265.64 | J21: 31488.82 | K21: 17639.48 | L21: 2336.99 | M21: 5715.09 | N21: =VLOOKUP(A21,'[1]俄罗斯交易系统市值加权指数历史数据 (1)'!$A:$B,2,) -> 1369.91 | O21: 3392.59 | P21: 312.35 | Q21: 6205.63 | R21: 526.87 | S21: 9046.1 | T21: 5123.02 | U21: 2500.18 | V21: =VLOOKUP(A21,[2]韩国KOSPI指数历史数据!$A:$B,2,) -> 1647.5 | W21: =VLOOKUP(A21,[3]日经225指数历史数据!$A:$B,2,) -> 10364.59 | X21: 1140.61 | Y21: =VLOOKUP(A21,[4]上证指数历史数据!$A:$B,2,) -> 2688.38 | Z21: =VLOOKUP(A21,[5]深证成份指数历史数据!$A:$B,2,) -> 10146.42 | AA21: =VLOOKUP(A21,[6]台湾加权指数历史数据!$A:$B,2,) -> 7567.1 | AB21: 19920.29 | AC21: 2821.11 | AD21: 5018.05 | AE21: =VLOOKUP(A21,[7]越南VN30指数历史数据!$A:$B,2,) -> 555.2 | AF21: 23598.02 | AG21: 10621.01 | AH21: 12171.89 | AI21: 1126.67 | AJ21: 1167.59
A22: 40307 | B22: 2212.87 | C22: 63412 | D22: 4611.1 | E22: 10620.16 | F22: 12014.97 | G22: 693.98 | H22: 1135.68 | I22: 2346.85 | J22: 31812.73 | K22: 17958.89 | L22: 2389.61 | M22: 6056.71 | N22: =VLOOKUP(A22,'[1]俄罗斯交易系统市值加权指数历史数据 (1)'!$A:$B,2,) -> 1441.68 | O22: 3560.36 | P22: 327.24 | Q22: 6428.68 | R22: 557.48 | S22: 9314.7 | T22: 5262.85 | U22: 2633.92 | V22: =VLOOKUP(A22,[2]韩国KOSPI指数历史数据!$A:$B,2,) -> 1695.63 | W22: =VLOOKUP(A22,[3]日经225指数历史数据!$A:$B,2,) -> 10462.51 | X22: 1154.62 | Y22: =VLOOKUP(A22,[4]上证指数历史数据!$A:$B,2,) -> 2696.63 | Z22: =VLOOKUP(A22,[5]深证成份指数历史数据!$A:$B,2,) -> 10330.14 | AA22: =VLOOKUP(A22,[6]台湾加权指数历史数据!$A:$B,2,) -> 7772.13 | AB22: 20145.43 | AC22: 2855.21 | AD22: 5093.5 | AE22: =VLOOKUP(A22,[7]越南VN30指数历史数据!$A:$B,2,) -> 537.83 | AF22: 24355.07 | AG22: 10314.21 | AH22: 12294.67 | AI22: 1133.37 | AJ22: 1170.63
A23: 40314 | B23: 2123.62 | C23: 60259 | D23: 4305.4 | E23: 10193.39 | F23: 11521.35 | G23: 649.29 | H23: 1087.69 | I23: 2229.04 | J23: 30629.15 | K23: 17712.66 | L23: 2308.92 | M23: 5829.25 | N23: =VLOOKUP(A23,'[1]俄罗斯交易系统市值加权指数历史数据 (1)'!$A:$B,2,) -> 1297.91 | O23: 3430.74 | P23: 313.41 | Q23: 6206.59 | R23: 541.12 | S23: 9407.3 | T23: 5062.93 | U23: 2574.18 | V23: =VLOOKUP(A23,[2]韩国KOSPI指数历史数据!$A:$B,2,) -> 1600.18 | W23: =VLOOKUP(A23,[3]日经225指数历史数据!$A:$B,2,) -> 9784.54 | X23: 1101.45 | Y23: =VLOOKUP(A23,[4]上证指数历史数据!$A:$B,2,) -> 2583.52 | Z23: =VLOOKUP(A23,[5]深证成份指数历史数据!$A:$B,2,) -> 10209.07 | AA23: =VLOOKUP(A23,[6]台湾加权指数历史数据!$A:$B,2,) -> 7237.71 | AB23: 19545.83 | AC23: 2701.2 | AD23: 4931.15 | AE23: =VLOOKUP(A23,[7]越南VN30指数历史数据!$A:$B,2,) -> 496.24 | AF23: 23349.1 | AG23: 9556.98 | AH23: 12370.36 | AI23: 1113.63 | AJ23: 1173.31
A24: 40321 | B24: 2168.57 | C24: 61947 | D24: 4457.5 | E24: 10136.63 | F24: 11671.44 | G24: 661.61 | H24: 1089.41 | I24: 2257.04 | J24: 31547.55 | K24: 17924.45 | L24: 2427.11 | M24: 5946.18 | N24: =VLOOKUP(A24,'[1]俄罗斯交易系统市值加权指数历史数据 (1)'!$A:$B,2,) -> 1366.9 | O24: 3515.06 | P24: 320.64 | Q24: 6321.92 | R24: 552.34 | S24: 9425.5 | T24: 5188.43 | U24: 2614.06 | V24: =VLOOKUP(A24,[2]韩国KOSPI指数历史数据!$A:$B,2,) -> 1622.78 | W24: =VLOOKUP(A24,[3]日经225指数历史数据!$A:$B,2,) -> 9762.98 | X24: 1106.45 | Y24: =VLOOKUP(A24,[4]上证指数历史数据!$A:$B,2,) -> 2655.77 | Z24: =VLOOKUP(A24,[5]深证成份指数历史数据!$A:$B,2,) -> 10495.65 | AA24: =VLOOKUP(A24,[6]台湾加权指数历史数据!$A:$B,2,) -> 7295.32 | AB24: 19766.71 | AC24: 2739.7 | AD24: 5066.55 | AE24: =VLOOKUP(A24,[7]越南VN30指数历史数据!$A:$B,2,) -> 527.32 | AF24: 24218.98 | AG24: 9422.15 | AH24: 11990.24 | AI24: 1091.42 | AJ24: 1173.15
A25: 40328 | B25: 2181.21 | C25: 61676 | D25: 4449.4 | E25: 9931.97 | F25: 11569.61 | G25: 633.97 | H25: 1064.88 | I25: 2219.17 | J25: 30992.65 | K25: 18056.96 | L25: 2354.86 | M25: 5938.88 | N25: =VLOOKUP(A25,'[1]俄罗斯交易系统市值加权指数历史数据 (1)'!$A:$B,2,) -> 1360.74 | O25: 3455.61 | P25: 321.22 | Q25: 6298.97 | R25: 546.13 | S25: 8923.4 | T25: 5126 | U25: 2553.59 | V25: =VLOOKUP(A25,[2]韩国KOSPI指数历史数据!$A:$B,2,) -> 1664.13 | W25: =VLOOKUP(A25,[3]日经225指数历史数据!$A:$B,2,) -> 9901.19 | X25: 1097.38 | Y25: =VLOOKUP(A25,[4]上证指数历史数据!$A:$B,2,) -> 2553.59 | Z25: =VLOOKUP(A25,[5]深证成份指数历史数据!$A:$B,2,) -> 10187.2 | AA25: =VLOOKUP(A25,[6]台湾加权指数历史数据!$A:$B,2,) -> 7344.59 | AB25: 19780.07 | AC25: 2806.51 | AD25: 5135.5 | AE25: =VLOOKUP(A25,[7]越南VN30指数历史数据!$A:$B,2,) -> 523.78 | AF25: 23604.51 | AG25: 9699.75 | AH25: 12162.58 | AI25: 1086.25 | AJ25: 1173.15
A26: 40335 | B26: 2281.23 | C26: 63605 | D26: 4505.5 | E26: 10211.07 | F26: 11666.92 | G26: 649 | H26: 1091.6 | I26: 2243.6 | J26: 32124.28 | K26: 18456.52 | L26: 2378.4 | M26: 6047.83 | N26: =VLOOKUP(A26,'[1]俄罗斯交易系统市值加权指数历史数据 (1)'!$A:$B,2,) -> 1356.79 | O26: 3555.52 | P26: 325.56 | Q26: 6426.74 | R26: 551.32 | S26: 9561.7 | T26: 5163.68 | U26: 2638.31 | V26: =VLOOKUP(A26,[2]韩国KOSPI指数历史数据!$A:$B,2,) -> 1675.34 | W26: =VLOOKUP(A26,[3]日经225指数历史数据!$A:$B,2,) -> 9705.25 | X26: 1090.8 | Y26: =VLOOKUP(A26,[4]上证指数历史数据!$A:$B,2,) -> 2569.94 | Z26: =VLOOKUP(A26,[5]深证成份指数历史数据!$A:$B,2,) -> 10239.33 | AA26: =VLOOKUP(A26,[6]台湾加权指数历史数据!$A:$B,2,) -> 7299.49 | AB26: 19872.38 | AC26: 2796.29 | AD26: 5119.35 | AE26: =VLOOKUP(A26,[7]越南VN30指数历史数据!$A:$B,2,) -> 519.51 | AF26: 23888.31 | AG26: 9303.9 | AH26: 12290.23 | AI26: 1053.06 | AJ26: 1172.44
A27: 40342 | B27: 2320.36 | C27: 64438 | D27: 4551.9 | E27: 10450.64 | F27: 11927.59 | G27: 666.92 | H27: 1117.51 | I27: 2309.8 | J27: 32814.62 | K27: 19042.03 | L27: 2361.16 | M27: 6216.98 | N27: =VLOOKUP(A27,'[1]俄罗斯交易系统市值加权指数历史数据 (1)'!$A:$B,2,) -> 1409.43 | O27: 3687.21 | P27: 336.06 | Q27: 6447.06 | R27: 570.34 | S27: 9971.8 | T27: 5250.84 | U27: 2737.02 | V27: =VLOOKUP(A27,[2]韩国KOSPI指数历史数据!$A:$B,2,) -> 1711.95 | W27: =VLOOKUP(A27,[3]日经225指数历史数据!$A:$B,2,) -> 9995.02 | X27: 1105.05 | Y27: =VLOOKUP(A27,[4]上证指数历史数据!$A:$B,2,) -> 2513.22 | Z27: =VLOOKUP(A27,[5]深证成份指数历史数据!$A:$B,2,) -> 9966.54 | AA27: =VLOOKUP(A27,[6]台湾加权指数历史数据!$A:$B,2,) -> 7493.11 | AB27: 20286.71 | AC27: 2833.4 | AD27: 5262.6 | AE27: =VLOOKUP(A27,[7]越南VN30指数历史数据!$A:$B,2,) -> 526.57 | AF27: 24754.9 | AG27: 9552.91 | AH27: 12056.74 | AI27: 1080.77 | AJ27: 1172.74
A28: 40349 | B28: 2318.14 | C28: 64824 | D28: 4413 | E28: 10143.81 | F28: 11707.85 | G28: 645.11 | H28: 1076.76 | I28: 2223.48 | J28: 32607.13 | K28: 19071.34 | L28: 2337.98 | M28: 6070.6 | N28: =VLOOKUP(A28,'[1]俄罗斯交易系统市值加权指数历史数据 (1)'!$A:$B,2,) -> 1387.66 | O28: 3519.73 | P28: 325.99 | Q28: 6275.35 | R28: 558.64 | S28: 9535 | T28: 5046.47 | U28: 2629.25 | V28: =VLOOKUP(A28,[2]韩国KOSPI指数历史数据!$A:$B,2,) -> 1729.84 | W28: =VLOOKUP(A28,[3]日经225指数历史数据!$A:$B,2,) -> 9737.48 | X28: 1093.65 | Y28: =VLOOKUP(A28,[4]上证指数历史数据!$A:$B,2,) -> 2552.82 | Z28: =VLOOKUP(A28,[5]深证成份指数历史数据!$A:$B,2,) -> 10104.83 | AA28: =VLOOKUP(A28,[6]台湾加权指数历史数据!$A:$B,2,) -> 7474.71 | AB28: 20690.79 | AC28: 2851.64 | AD28: 5269.05 | AE28: =VLOOKUP(A28,[7]越南VN30指数历史数据!$A:$B,2,) -> 519.8 | AF28: 24263.82 | AG28: 9384.6 | AH28: 12014.97 | AI28: 1041.85 | AJ28: 1174.36
A29: 40356 | B29: 2217.08 | C29: 61430 | D29: 4238.7 | E29: 9686.48 | F29: 11196.06 | G29: 598.97 | H29: 1022.58 | I29: 2091.79 | J29: 31379.67 | K29: 18832.91 | L29: 2300.67 | M29: 5834.15 | N29: =VLOOKUP(A29,'[1]俄罗斯交易系统市值加权指数历史数据 (1)'!$A:$B,2,) -> 1316.65 | O29: 3348.37 | P29: 308.2 | Q29: 5974.3 | R29: 556.36 | S29: 9250.8 | T29: 4838.09 | U29: 2522.36 | V29: =VLOOKUP(A29,[2]韩国KOSPI指数历史数据!$A:$B,2,) -> 1671.82 | W29: =VLOOKUP(A29,[3]日经225指数历史数据!$A:$B,2,) -> 9203.71 | X29: 1061.56 | Y29: =VLOOKUP(A29,[4]上证指数历史数据!$A:$B,2,) -> 2382.9 | Z29: =VLOOKUP(A29,[5]深证成份指数历史数据!$A:$B,2,) -> 9227.89 | AA29: =VLOOKUP(A29,[6]台湾加权指数历史数据!$A:$B,2,) -> 7330.74 | AB29: 19905.32 | AC29: 2844.19 | AD29: 5237.1 | AE29: =VLOOKUP(A29,[7]越南VN30指数历史数据!$A:$B,2,) -> 519.6 | AF29: 23355.16 | AG29: 8968.17 | AH29: 11785.96 | AI29: 1054.26 | AJ29: 1170.69
A30: 40363 | B30: 2289.5 | C30: 63476 | D30: 4396.3 | E30: 10198.03 | F30: 11570.45 | G30: 629.43 | H30: 1077.96 | I30: 2196.45 | J30: 32004.31 | K30: 19342.85 | L30: 2333.6 | M30: 6065.24 | N30: =VLOOKUP(A30,'[1]俄罗斯交易系统市值加权指数历史数据 (1)'!$A:$B,2,) -> 1359.45 | O30: 3554.48 | P30: 324.42 | Q30: 6210.49 | R30: 571.51 | S30: 10127.3 | T30: 5132.94 | U30: 2681.2 | V30: =VLOOKUP(A30,[2]韩国KOSPI指数历史数据!$A:$B,2,) -> 1723.01 | W30: =VLOOKUP(A30,[3]日经225指数历史数据!$A:$B,2,) -> 9585.32 | X30: 1090.15 | Y30: =VLOOKUP(A30,[4]上证指数历史数据!$A:$B,2,) -> 2470.92 | Z30: =VLOOKUP(A30,[5]深证成份指数历史数据!$A:$B,2,) -> 9816.85 | AA30: =VLOOKUP(A30,[6]台湾加权指数历史数据!$A:$B,2,) -> 7647.25 | AB30: 20378.66 | AC30: 2917.17 | AD30: 5352.45 | AE30: =VLOOKUP(A30,[7]越南VN30指数历史数据!$A:$B,2,) -> 514.84 | AF30: 24284.88 | AG30: 8944.99 | AH30: 11739.71 | AI30: 1033.49 | AJ30: 1172.06
A31: 40370 | B31: 2283.07 | C31: 62339 | D31: 4422.7 | E31: 10097.9 | F31: 11569.65 | G31: 610.39 | H31: 1064.88 | I31: 2179.05 | J31: 31783.39 | K31: 19553.33 | L31: 2375.24 | M31: 6040.27 | N31: =VLOOKUP(A31,'[1]俄罗斯交易系统市值加权指数历史数据 (1)'!$A:$B,2,) -> 1389.92 | O31: 3500.16 | P31: 323.99 | Q31: 6184.37 | R31: 577.29 | S31: 9991.7 | T31: 5158.85 | U31: 2645.61 | V31: =VLOOKUP(A31,[2]韩国KOSPI指数历史数据!$A:$B,2,) -> 1738.45 | W31: =VLOOKUP(A31,[3]日经225指数历史数据!$A:$B,2,) -> 9408.36 | X31: 1111.31 | Y31: =VLOOKUP(A31,[4]上证指数历史数据!$A:$B,2,) -> 2424.27 | Z31: =VLOOKUP(A31,[5]深证成份指数历史数据!$A:$B,2,) -> 9806.64 | AA31: =VLOOKUP(A31,[6]台湾加权指数历史数据!$A:$B,2,) -> 7664.57 | AB31: 20250.16 | AC31: 2957.72 | AD31: 5393.9 | AE31: =VLOOKUP(A31,[7]越南VN30指数历史数据!$A:$B,2,) -> 521.45 | AF31: 24465.49 | AG31: 8980.42 | AH31: 11846.22 | AI31: 1058 | AJ31: 1170.05
A32: 40377 | B32: 2375.2 | C32: 66323 | D32: 4458.4 | E32: 10424.62 | F32: 11714.21 | G32: 650.65 | H32: 1102.66 | I32: 2269.47 | J32: 32806.03 | K32: 20026.73 | L32: 2460.96 | M32: 6166.34 | N32: =VLOOKUP(A32,'[1]俄罗斯交易系统市值加权指数历史数据 (1)'!$A:$B,2,) -> 1449.19 | O32: 3607.05 | P32: 337.14 | Q32: 6201.25 | R32: 593 | S32: 10388.2 | T32: 5312.62 | U32: 2719.13 | V32: =VLOOKUP(A32,[2]韩国KOSPI指数历史数据!$A:$B,2,) -> 1758.06 | W32: =VLOOKUP(A32,[3]日经225指数历史数据!$A:$B,2,) -> 9430.96 | X32: 1118.51 | Y32: =VLOOKUP(A32,[4]上证指数历史数据!$A:$B,2,) -> 2572.03 | Z32: =VLOOKUP(A32,[5]深证成份指数历史数据!$A:$B,2,) -> 10527.94 | AA32: =VLOOKUP(A32,[6]台湾加权指数历史数据!$A:$B,2,) -> 7761.22 | AB32: 20815.33 | AC32: 2973.47 | AD32: 5449.1 | AE32: =VLOOKUP(A32,[7]越南VN30指数历史数据!$A:$B,2,) -> 515.39 | AF32: 25333.32 | AG32: 8945.14 | AH32: 11857.08 | AI32: 1068.93 | AJ32: 1171.35
A33: 40384 | B33: 2394.16 | C33: 67515 | D33: 4493.5 | E33: 10465.94 | F33: 11713.43 | G33: 650.89 | H33: 1101.6 | I33: 2254.7 | J33: 32308.74 | K33: 20296.63 | L33: 2474.67 | M33: 6147.97 | N33: =VLOOKUP(A33,'[1]俄罗斯交易系统市值加权指数历史数据 (1)'!$A:$B,2,) -> 1479.73 | O33: 3643.14 | P33: 330.64 | Q33: 6200.78 | R33: 598.67 | S33: 10499.8 | T33: 5258.02 | U33: 2742.14 | V33: =VLOOKUP(A33,[2]韩国KOSPI指数历史数据!$A:$B,2,) -> 1759.33 | W33: =VLOOKUP(A33,[3]日经225指数历史数据!$A:$B,2,) -> 9537.3 | X33: 1118.59 | Y33: =VLOOKUP(A33,[4]上证指数历史数据!$A:$B,2,) -> 2637.5 | Z33: =VLOOKUP(A33,[5]深证成份指数历史数据!$A:$B,2,) -> 10785.35 | AA33: =VLOOKUP(A33,[6]台湾加权指数历史数据!$A:$B,2,) -> 7760.63 | AB33: 21029.81 | AC33: 2987.7 | AD33: 5367.6 | AE33: =VLOOKUP(A33,[7]越南VN30指数历史数据!$A:$B,2,) -> 512.21 | AF33: 25224.6 | AG33: 9357.21 | AH33: 11782.52 | AI33: 1112.26 | AJ33: 1171.15
A34: 40391 | B34: 2425.33 | C34: 68095 | D34: 4566.1 | E34: 10653.56 | F34: 11799.97 | G34: 650.68 | H34: 1121.64 | I34: 2288.47 | J34: 32917.92 | K34: 20807.99 | L34: 2548.63 | M34: 6259.63 | N34: =VLOOKUP(A34,'[1]俄罗斯交易系统市值加权指数历史数据 (1)'!$A:$B,2,) -> 1509.85 | O34: 3716.05 | P34: 331.19 | Q34: 6321.36 | R34: 597.53 | S34: 10651.1 | T34: 5332.39 | U34: 2779.34 | V34: =VLOOKUP(A34,[2]韩国KOSPI指数历史数据!$A:$B,2,) -> 1783.83 | W34: =VLOOKUP(A34,[3]日经225指数历史数据!$A:$B,2,) -> 9642.12 | X34: 1149.6 | Y34: =VLOOKUP(A34,[4]上证指数历史数据!$A:$B,2,) -> 2658.39 | Z34: =VLOOKUP(A34,[5]深证成份指数历史数据!$A:$B,2,) -> 10942.93 | AA34: =VLOOKUP(A34,[6]台湾加权指数历史数据!$A:$B,2,) -> 7963.3 | AB34: 21678.8 | AC34: 2995.06 | AD34: 5439.25 | AE34: =VLOOKUP(A34,[7]越南VN30指数历史数据!$A:$B,2,) -> 501.78 | AF34: 25172.71 | AG34: 9501.36 | AH34: 11761.11 | AI34: 1119.41 | AJ34: 1172.44
A35: 40398 | B35: 2367.98 | C35: 66264 | D35: 4459.6 | E35: 10303.15 | F35: 11528.25 | G35: 609.49 | H35: 1079.25 | I35: 2173.48 | J35: 32099.75 | K35: 20848.3 | L35: 2452.05 | M35: 6110.41 | N35: =VLOOKUP(A35,'[1]俄罗斯交易系统市值加权指数历史数据 (1)'!$A:$B,2,) -> 1445.37 | O35: 3610.91 | P35: 323.92 | Q35: 6294.34 | R35: 584.8 | S35: 10275.8 | T35: 5275.44 | U35: 2708.73 | V35: =VLOOKUP(A35,[2]韩国KOSPI指数历史数据!$A:$B,2,) -> 1746.24 | W35: =VLOOKUP(A35,[3]日经225指数历史数据!$A:$B,2,) -> 9253.46 | X35: 1140.26 | Y35: =VLOOKUP(A35,[4]上证指数历史数据!$A:$B,2,) -> 2606.7 | Z35: =VLOOKUP(A35,[5]深证成份指数历史数据!$A:$B,2,) -> 10886.57 | AA35: =VLOOKUP(A35,[6]台湾加权指数历史数据!$A:$B,2,) -> 7891.58 | AB35: 21071.57 | AC35: 2939.97 | AD35: 5452.1 | AE35: =VLOOKUP(A35,[7]越南VN30指数历史数据!$A:$B,2,) -> 469.15 | AF35: 24424.34 | AG35: 9397.1 | AH35: 11628.28 | AI35: 1077.53 | AJ35: 1172.68
A36: 40405 | B36: 2438.97 | C36: 66677 | D36: 4430.9 | E36: 10213.62 | F36: 11722.07 | G36: 610.78 | H36: 1071.69 | I36: 2179.76 | J36: 32291.67 | K36: 21124.9 | L36: 2445.14 | M36: 6005.16 | N36: =VLOOKUP(A36,'[1]俄罗斯交易系统市值加权指数历史数据 (1)'!$A:$B,2,) -> 1425.03 | O36: 3526.12 | P36: 318.02 | Q36: 6185.82 | R36: 587.5 | S36: 10094.3 | T36: 5195.28 | U36: 2643.98 | V36: =VLOOKUP(A36,[2]韩国KOSPI指数历史数据!$A:$B,2,) -> 1775.54 | W36: =VLOOKUP(A36,[3]日经225指数历史数据!$A:$B,2,) -> 9179.38 | X36: 1162.43 | Y36: =VLOOKUP(A36,[4]上证指数历史数据!$A:$B,2,) -> 2642.31 | Z36: =VLOOKUP(A36,[5]深证成份指数历史数据!$A:$B,2,) -> 11090.46 | AA36: =VLOOKUP(A36,[6]台湾加权指数历史数据!$A:$B,2,) -> 7927.31 | AB36: 20981.82 | AC36: 2936.48 | AD36: 5530.65 | AE36: =VLOOKUP(A36,[7]越南VN30指数历史数据!$A:$B,2,) -> 472.26 | AF36: 23921.25 | AG36: 9474.12 | AH36: 11499.64 | AI36: 1048.79 | AJ36: 1174.57
A37: 40412 | B37: 2349.07 | C37: 65585 | D37: 4370.1 | E37: 10150.65 | F37: 11879.72 | G37: 616.76 | H37: 1064.59 | I37: 2153.63 | J37: 31755.35 | K37: 21020.82 | L37: 2430.39 | M37: 5951.17 | N37: =VLOOKUP(A37,'[1]俄罗斯交易系统市值加权指数历史数据 (1)'!$A:$B,2,) -> 1421.47 | O37: 3507.44 | P37: 317.04 | Q37: 6183.14 | R37: 593.46 | S37: 10148.2 | T37: 5201.56 | U37: 2630.35 | V37: =VLOOKUP(A37,[2]韩国KOSPI指数历史数据!$A:$B,2,) -> 1729.56 | W37: =VLOOKUP(A37,[3]日经225指数历史数据!$A:$B,2,) -> 8991.06 | X37: 1139.8 | Y37: =VLOOKUP(A37,[4]上证指数历史数据!$A:$B,2,) -> 2610.74 | Z37: =VLOOKUP(A37,[5]深证成份指数历史数据!$A:$B,2,) -> 11034.73 | AA37: =VLOOKUP(A37,[6]台湾加权指数历史数据!$A:$B,2,) -> 7722.91 | AB37: 20597.35 | AC37: 2938.74 | AD37: 5408.7 | AE37: =VLOOKUP(A37,[7]越南VN30指数历史数据!$A:$B,2,) -> 450.41 | AF37: 23644.46 | AG37: 9604.31 | AH37: 11764.99 | AI37: 1021.72 | AJ37: 1174.57
A38: 40419 | B38: 2423.22 | C38: 66679 | D38: 4541.2 | E38: 10447.93 | F38: 12144.92 | G38: 643.36 | H38: 1104.51 | I38: 2233.75 | J38: 32592.87 | K38: 21673.71 | L38: 2476.19 | M38: 6134.62 | N38: =VLOOKUP(A38,'[1]俄罗斯交易系统市值加权指数历史数据 (1)'!$A:$B,2,) -> 1467.62 | O38: 3672.2 | P38: 329.35 | Q38: 6400.71 | R38: 609.99 | S38: 10599.4 | T38: 5428.15 | U38: 2746.23 | V38: =VLOOKUP(A38,[2]韩国KOSPI指数历史数据!$A:$B,2,) -> 1780.02 | W38: =VLOOKUP(A38,[3]日经225指数历史数据!$A:$B,2,) -> 9114.13 | X38: 1157.45 | Y38: =VLOOKUP(A38,[4]上证指数历史数据!$A:$B,2,) -> 2655.39 | Z38: =VLOOKUP(A38,[5]深证成份指数历史数据!$A:$B,2,) -> 11467.09 | AA38: =VLOOKUP(A38,[6]台湾加权指数历史数据!$A:$B,2,) -> 7830.21 | AB38: 20971.5 | AC38: 3002.56 | AD38: 5479.4 | AE38: =VLOOKUP(A38,[7]越南VN30指数历史数据!$A:$B,2,) -> 481.65 | AF38: 24825.46 | AG38: 9685.03 | AH38: 11701.11 | AI38: 1019.79 | AJ38: 1174.48
A39: 40426 | B39: 2436.77 | C39: 66807 | D39: 4560.3 | E39: 10462.77 | F39: 12097.09 | G39: 636.46 | H39: 1109.55 | I39: 2242.48 | J39: 32626.87 | K39: 22106.52 | L39: 2524.48 | M39: 6214.77 | N39: =VLOOKUP(A39,'[1]俄罗斯交易系统市值加权指数历史数据 (1)'!$A:$B,2,) -> 1487.09 | O39: 3725.82 | P39: 334.96 | Q39: 6467.69 | R39: 606.08 | S39: 10689.6 | T39: 5501.64 | U39: 2780.4 | V39: =VLOOKUP(A39,[2]韩国KOSPI指数历史数据!$A:$B,2,) -> 1802.58 | W39: =VLOOKUP(A39,[3]日经225指数历史数据!$A:$B,2,) -> 9239.17 | X39: 1171.06 | Y39: =VLOOKUP(A39,[4]上证指数历史数据!$A:$B,2,) -> 2663.21 | Z39: =VLOOKUP(A39,[5]深证成份指数历史数据!$A:$B,2,) -> 11530.99 | AA39: =VLOOKUP(A39,[6]台湾加权指数历史数据!$A:$B,2,) -> 7890.11 | AB39: 21257.39 | AC39: 3022.28 | AD39: 5640.05 | AE39: =VLOOKUP(A39,[7]越南VN30指数历史数据!$A:$B,2,) -> 470.51 | AF39: 24966.81 | AG39: 9648.39 | AH39: 11694.4 | AI39: 1002.27 | AJ39: 1176.86
A40: 40433 | B40: 2473.43 | C40: 67089 | D40: 4638.9 | E40: 10607.85 | F40: 12164.56 | G40: 651.44 | H40: 1125.59 | I40: 2315.61 | J40: 33046.69 | K40: 22499.78 | L40: 2539.42 | M40: 6209.76 | N40: =VLOOKUP(A40,'[1]俄罗斯交易系统市值加权指数历史数据 (1)'!$A:$B,2,) -> 1464.18 | O40: 3722.02 | P40: 334.54 | Q40: 6389.02 | R40: 638.62 | S40: 10588.6 | T40: 5508.45 | U40: 2757.37 | V40: =VLOOKUP(A40,[2]韩国KOSPI指数历史数据!$A:$B,2,) -> 1827.35 | W40: =VLOOKUP(A40,[3]日经225指数历史数据!$A:$B,2,) -> 9626.09 | X40: 1174.95 | Y40: =VLOOKUP(A40,[4]上证指数历史数据!$A:$B,2,) -> 2598.69 | Z40: =VLOOKUP(A40,[5]深证成份指数历史数据!$A:$B,2,) -> 11208.25 | AA40: =VLOOKUP(A40,[6]台湾加权指数历史数据!$A:$B,2,) -> 8158.33 | AB40: 21970.86 | AC40: 3076.37 | AD40: 5884.95 | AE40: =VLOOKUP(A40,[7]越南VN30指数历史数据!$A:$B,2,) -> 476.11 | AF40: 25258.33 | AG40: 9669.56 | AH40: 11683.77 | AI40: 979.36 | AJ40: 1176.86
A41: 40440 | B41: 2577.74 | C41: 68196 | D41: 4601.9 | E41: 10860.26 | F41: 12204.86 | G41: 671.01 | H41: 1148.67 | I41: 2381.22 | J41: 33280.75 | K41: 22151.94 | L41: 2606.78 | M41: 6298.3 | N41: =VLOOKUP(A41,'[1]俄罗斯交易系统市值加权指数历史数据 (1)'!$A:$B,2,) -> 1488.67 | O41: 3782.48 | P41: 337.85 | Q41: 6360.77 | R41: 642.41 | S41: 10727.6 | T41: 5598.48 | U41: 2792.75 | V41: =VLOOKUP(A41,[2]韩国KOSPI指数历史数据!$A:$B,2,) -> 1846.6 | W41: =VLOOKUP(A41,[3]日经225指数历史数据!$A:$B,2,) -> 9471.67 | X41: 1227.19 | Y41: =VLOOKUP(A41,[4]上证指数历史数据!$A:$B,2,) -> 2591.55 | Z41: =VLOOKUP(A41,[5]深证成份指数历史数据!$A:$B,2,) -> 11210.74 | AA41: =VLOOKUP(A41,[6]台湾加权指数历史数据!$A:$B,2,) -> 8166.62 | AB41: 22119.43 | AC41: 3092.68 | AD41: 6018.3 | AE41: =VLOOKUP(A41,[7]越南VN30指数历史数据!$A:$B,2,) -> 467.58 | AF41: 25521.12 | AG41: 9944.75 | AH41: 11718.23 | AI41: 973.58 | AJ41: 1174.31
A42: 40447 | B42: 2652.29 | C42: 70229 | D42: 4579.2 | E42: 10829.68 | F42: 12363.08 | G42: 679.29 | H42: 1146.24 | I42: 2370.75 | J42: 33807.48 | K42: 22393.44 | L42: 2611.3 | M42: 6211.34 | N42: =VLOOKUP(A42,'[1]俄罗斯交易系统市值加权指数历史数据 (1)'!$A:$B,2,) -> 1531.91 | O42: 3692.09 | P42: 333.78 | Q42: 6284.17 | R42: 648.83 | S42: 10450.1 | T42: 5592.9 | U42: 2732.91 | V42: =VLOOKUP(A42,[2]韩国KOSPI指数历史数据!$A:$B,2,) -> 1876.73 | W42: =VLOOKUP(A42,[3]日经225指数历史数据!$A:$B,2,) -> 9404.23 | X42: 1225.92 | Y42: =VLOOKUP(A42,[4]上证指数历史数据!$A:$B,2,) -> 2655.66 | Z42: =VLOOKUP(A42,[5]深证成份指数历史数据!$A:$B,2,) -> 11468.54 | AA42: =VLOOKUP(A42,[6]台湾加权指数历史数据!$A:$B,2,) -> 8244.18 | AB42: 22358.17 | AC42: 3130.9 | AD42: 6143.4 | AE42: =VLOOKUP(A42,[7]越南VN30指数历史数据!$A:$B,2,) -> 471.35 | AF42: 25982.05 | AG42: 9798.7 | AH42: 11825.45 | AI42: 1002.45 | AJ42: 1172.99
A43: 40454 | B43: 2699.49 | C43: 70809 | D43: 4681.4 | E43: 11006.48 | F43: 12535.59 | G43: 693.82 | H43: 1165.15 | I43: 2401.91 | J43: 34464.82 | K43: 22005.7 | L43: 2609.15 | M43: 6291.67 | N43: =VLOOKUP(A43,'[1]俄罗斯交易系统市值加权指数历史数据 (1)'!$A:$B,2,) -> 1566.85 | O43: 3763.18 | P43: 336.53 | Q43: 6363.16 | R43: 672.17 | S43: 10720.8 | T43: 5657.61 | U43: 2785.43 | V43: =VLOOKUP(A43,[2]韩国KOSPI指数历史数据!$A:$B,2,) -> 1897.07 | W43: =VLOOKUP(A43,[3]日经225指数历史数据!$A:$B,2,) -> 9588.88 | X43: 1216.38 | Y43: =VLOOKUP(A43,[4]上证指数历史数据!$A:$B,2,) -> 2738.74 | Z43: =VLOOKUP(A43,[5]深证成份指数历史数据!$A:$B,2,) -> 11911.37 | AA43: =VLOOKUP(A43,[6]台湾加权指数历史数据!$A:$B,2,) -> 8244.19 | AB43: 22944.18 | AC43: 3153.34 | AD43: 6103.45 | AE43: =VLOOKUP(A43,[7]越南VN30指数历史数据!$A:$B,2,) -> 481.98 | AF43: 26393.16 | AG43: 10180.61 | AH43: 11862.31 | AI43: 1016.16 | AJ43: 1171.53
A44: 40461 | B44: 2735.47 | C44: 71830 | D44: 4689 | E44: 11062.78 | F44: 12609.07 | G44: 703.16 | H44: 1176.19 | I44: 2468.77 | J44: 34741.54 | K44: 22129.09 | L44: 2654.25 | M44: 6492.3 | N44: =VLOOKUP(A44,'[1]俄罗斯交易系统市值加权指数历史数据 (1)'!$A:$B,2,) -> 1581.9 | O44: 3827.37 | P44: 341.45 | Q44: 6443.01 | R44: 701.01 | S44: 10868.2 | T44: 5703.37 | U44: 2841.65 | V44: =VLOOKUP(A44,[2]韩国KOSPI指数历史数据!$A:$B,2,) -> 1902.29 | W44: =VLOOKUP(A44,[3]日经225指数历史数据!$A:$B,2,) -> 9500.25 | X44: 1256.98 | Y44: =VLOOKUP(A44,[4]上证指数历史数据!$A:$B,2,) -> 2971.16 | Z44: =VLOOKUP(A44,[5]深证成份指数历史数据!$A:$B,2,) -> 12765.5 | AA44: =VLOOKUP(A44,[6]台湾加权指数历史数据!$A:$B,2,) -> 8205.3 | AB44: 23757.63 | AC44: 3204.27 | AD44: 6062.65 | AE44: =VLOOKUP(A44,[7]越南VN30指数历史数据!$A:$B,2,) -> 477.89 | AF44: 26772.72 | AG44: 10161.06 | AH44: 12113.52 | AI44: 1061.74 | AJ44: 1172.99
A45: 40468 | B45: 2851.91 | C45: 69530 | D45: 4648.2 | E45: 11132.56 | F45: 12601.18 | G45: 703.43 | H45: 1183.08 | I45: 2479.39 | J45: 35120.88 | K45: 22396.86 | L45: 2641.6 | M45: 6605.84 | N45: =VLOOKUP(A45,'[1]俄罗斯交易系统市值加权指数历史数据 (1)'!$A:$B,2,) -> 1608.71 | O45: 3868.54 | P45: 341.07 | Q45: 6477.13 | R45: 710.07 | S45: 10924.8 | T45: 5741.37 | U45: 2873.74 | V45: =VLOOKUP(A45,[2]韩国KOSPI指数历史数据!$A:$B,2,) -> 1897.31 | W45: =VLOOKUP(A45,[3]日经225指数历史数据!$A:$B,2,) -> 9426.71 | X45: 1272.25 | Y45: =VLOOKUP(A45,[4]上证指数历史数据!$A:$B,2,) -> 2975.04 | Z45: =VLOOKUP(A45,[5]深证成份指数历史数据!$A:$B,2,) -> 13224.98 | AA45: =VLOOKUP(A45,[6]台湾加权指数历史数据!$A:$B,2,) -> 8168.06 | AB45: 23517.54 | AC45: 3173.57 | AD45: 6066.05 | AE45: =VLOOKUP(A45,[7]越南VN30指数历史数据!$A:$B,2,) -> 465.45 | AF45: 26763.73 | AG45: 10026.83 | AH45: 12325.96 | AI45: 1059.47 | AJ45: 1172.99
A46: 40475 | B46: 3007.41 | C46: 70673 | D46: 4661.6 | E46: 11118.49 | F46: 12676.24 | G46: 703.35 | H46: 1183.26 | I46: 2507.41 | J46: 35568.22 | K46: 22874.62 | L46: 2651.27 | M46: 6601.37 | N46: =VLOOKUP(A46,'[1]俄罗斯交易系统市值加权指数历史数据 (1)'!$A:$B,2,) -> 1587.14 | O46: 3833.5 | P46: 337.23 | Q46: 6472.23 | R46: 687.6 | S46: 10812.9 | T46: 5675.16 | U46: 2844.99 | V46: =VLOOKUP(A46,[2]韩国KOSPI指数历史数据!$A:$B,2,) -> 1882.95 | W46: =VLOOKUP(A46,[3]日经225指数历史数据!$A:$B,2,) -> 9202.45 | X46: 1270.38 | Y46: =VLOOKUP(A46,[4]上证指数历史数据!$A:$B,2,) -> 2978.83 | Z46: =VLOOKUP(A46,[5]深证成份指数历史数据!$A:$B,2,) -> 13367.24 | AA46: =VLOOKUP(A46,[6]台湾加权指数历史数据!$A:$B,2,) -> 8287.09 | AB46: 23096.32 | AC46: 3142.62 | AD46: 6017.7 | AE46: =VLOOKUP(A46,[7]越南VN30指数历史数据!$A:$B,2,) -> 476.56 | AF46: 27053.68 | AG46: 9855.48 | AH46: 12196.7 | AI46: 1050.87 | AJ46: 1172.99
A47: 40482 | B47: 3352.33 | C47: 72607 | D47: 4800.6 | E47: 11444.08 | F47: 12925.11 | G47: 736.59 | H47: 1225.85 | I47: 2578.98 | J47: 36317.51 | K47: 22992.54 | L47: 2733.37 | M47: 6754.2 | N47: =VLOOKUP(A47,'[1]俄罗斯交易系统市值加权指数历史数据 (1)'!$A:$B,2,) -> 1602.53 | O47: 3916.73 | P47: 346.9 | Q47: 6587.72 | R47: 707.79 | S47: 10428.1 | T47: 5875.35 | U47: 2875.94 | V47: =VLOOKUP(A47,[2]韩国KOSPI指数历史数据!$A:$B,2,) -> 1938.96 | W47: =VLOOKUP(A47,[3]日经225指数历史数据!$A:$B,2,) -> 9625.99 | X47: 1265.2 | Y47: =VLOOKUP(A47,[4]上证指数历史数据!$A:$B,2,) -> 3129.5 | Z47: =VLOOKUP(A47,[5]深证成份指数历史数据!$A:$B,2,) -> 13733.36 | AA47: =VLOOKUP(A47,[6]台湾加权指数历史数据!$A:$B,2,) -> 8449.34 | AB47: 24876.82 | AC47: 3240.31 | AD47: 6312.45 | AE47: =VLOOKUP(A47,[7]越南VN30指数历史数据!$A:$B,2,) -> 481.46 | AF47: 28048.91 | AG47: 9960.37 | AH47: 12229.27 | AI47: 1045.64 | AJ47: 1172.99
A48: 40489 | B48: 3215.48 | C48: 70367 | D48: 4692.7 | E48: 11192.58 | F48: 12749.24 | G48: 719.27 | H48: 1199.21 | I48: 2518.21 | J48: 36057.39 | K48: 23053.09 | L48: 2739.5 | M48: 6734.61 | N48: =VLOOKUP(A48,'[1]俄罗斯交易系统市值加权指数历史数据 (1)'!$A:$B,2,) -> 1610.97 | O48: 3831.12 | P48: 343.2 | Q48: 6505.29 | R48: 695.53 | S48: 10226.8 | T48: 5796.87 | U48: 2822.43 | V48: =VLOOKUP(A48,[2]韩国KOSPI指数历史数据!$A:$B,2,) -> 1913.12 | W48: =VLOOKUP(A48,[3]日经225指数历史数据!$A:$B,2,) -> 9724.81 | X48: 1240.52 | Y48: =VLOOKUP(A48,[4]上证指数历史数据!$A:$B,2,) -> 2985.43 | Z48: =VLOOKUP(A48,[5]深证成份指数历史数据!$A:$B,2,) -> 12726.54 | AA48: =VLOOKUP(A48,[6]台湾加权指数历史数据!$A:$B,2,) -> 8316.05 | AB48: 24222.58 | AC48: 3252 | AD48: 6071.65 | AE48: =VLOOKUP(A48,[7]越南VN30指数历史数据!$A:$B,2,) -> 462.24 | AF48: 28253.76 | AG48: 9969.1 | AH48: 12235.44 | AI48: 1079.91 | AJ48: 1172.99
A49: 40496 | B49: 3260.8 | C49: 70898 | D49: 4629.2 | E49: 11203.55 | F49: 12956.33 | G49: 724.36 | H49: 1199.73 | I49: 2518.12 | J49: 36601.4 | K49: 23015.34 | L49: 2655.84 | M49: 6843.55 | N49: =VLOOKUP(A49,'[1]俄罗斯交易系统市值加权指数历史数据 (1)'!$A:$B,2,) -> 1600.98 | O49: 3860.16 | P49: 344.58 | Q49: 6590.84 | R49: 699.98 | S49: 10271.7 | T49: 5732.83 | U49: 2845.75 | V49: =VLOOKUP(A49,[2]韩国KOSPI指数历史数据!$A:$B,2,) -> 1940.96 | W49: =VLOOKUP(A49,[3]日经225指数历史数据!$A:$B,2,) -> 10022.39 | X49: 1265.11 | Y49: =VLOOKUP(A49,[4]上证指数历史数据!$A:$B,2,) -> 2888.57 | Z49: =VLOOKUP(A49,[5]深证成份指数历史数据!$A:$B,2,) -> 12295.85 | AA49: =VLOOKUP(A49,[6]台湾加权指数历史数据!$A:$B,2,) -> 8306.12 | AB49: 23605.71 | AC49: 3197.37 | AD49: 5890.3 | AE49: =VLOOKUP(A49,[7]越南VN30指数历史数据!$A:$B,2,) -> 445.73 | AF49: 27930.33 | AG49: 10078.28 | AH49: 12326.38 | AI49: 1076.8 | AJ49: 1174.39
A50: 40503 | B50: 3302.88 | C50: 68226 | D50: 4598.3 | E50: 11092 | F50: 12892.71 | G50: 732.73 | H50: 1189.4 | I50: 2534.56 | J50: 36904.53 | K50: 23015.39 | L50: 2641.81 | M50: 6848.98 | N50: =VLOOKUP(A50,'[1]俄罗斯交易系统市值加权指数历史数据 (1)'!$A:$B,2,) -> 1602.48 | O50: 3728.65 | P50: 336.26 | Q50: 6483.56 | R50: 661.48 | S50: 9547.2 | T50: 5668.7 | U50: 2736.96 | V50: =VLOOKUP(A50,[2]韩国KOSPI指数历史数据!$A:$B,2,) -> 1901.8 | W50: =VLOOKUP(A50,[3]日经225指数历史数据!$A:$B,2,) -> 10039.56 | X50: 1262.42 | Y50: =VLOOKUP(A50,[4]上证指数历史数据!$A:$B,2,) -> 2871.7 | Z50: =VLOOKUP(A50,[5]深证成份指数历史数据!$A:$B,2,) -> 12539.01 | AA50: =VLOOKUP(A50,[6]台湾加权指数历史数据!$A:$B,2,) -> 8312.15 | AB50: 22877.25 | AC50: 3158.08 | AD50: 5751.95 | AE50: =VLOOKUP(A50,[7]越南VN30指数历史数据!$A:$B,2,) -> 459.11 | AF50: 27730.43 | AG50: 10103.55 | AH50: 12115.95 | AI50: 1058.2 | AJ50: 1162.02
A51: 40510 | B51: 3422.43 | C51: 69766 | D51: 4694.2 | E51: 11382.09 | F51: 13178.95 | G51: 756.42 | H51: 1224.71 | I51: 2591.46 | J51: 37385.91 | K51: 23006.22 | L51: 2712.09 | M51: 6947.72 | N51: =VLOOKUP(A51,'[1]俄罗斯交易系统市值加权指数历史数据 (1)'!$A:$B,2,) -> 1687.36 | O51: 3750.55 | P51: 342.19 | Q51: 6440.9 | R51: 668.6 | S51: 10014.8 | T51: 5745.32 | U51: 2782.39 | V51: =VLOOKUP(A51,[2]韩国KOSPI指数历史数据!$A:$B,2,) -> 1957.26 | W51: =VLOOKUP(A51,[3]日经225指数历史数据!$A:$B,2,) -> 10178.32 | X51: 1261.73 | Y51: =VLOOKUP(A51,[4]上证指数历史数据!$A:$B,2,) -> 2842.43 | Z51: =VLOOKUP(A51,[5]深证成份指数历史数据!$A:$B,2,) -> 12443 | AA51: =VLOOKUP(A51,[6]台湾加权指数历史数据!$A:$B,2,) -> 8624.01 | AB51: 23320.52 | AC51: 3172.44 | AD51: 5992.8 | AE51: =VLOOKUP(A51,[7]越南VN30指数历史数据!$A:$B,2,) -> 487.18 | AF51: 27933.41 | AG51: 9885.22 | AH51: 12401.03 | AI51: 1068.45 | AJ51: 1162.49
A52: 40517 | B52: 3390.87 | C52: 68342 | D52: 4745.9 | E52: 11410.32 | F52: 13239.47 | G52: 776.83 | H52: 1240.4 | I52: 2637.54 | J52: 37677.78 | K52: 23012.71 | L52: 2763.26 | M52: 7006.17 | N52: =VLOOKUP(A52,'[1]俄罗斯交易系统市值加权指数历史数据 (1)'!$A:$B,2,) -> 1712.93 | O52: 3857.35 | P52: 350.21 | Q52: 6519.14 | R52: 647.59 | S52: 10121.9 | T52: 5812.95 | U52: 2839.53 | V52: =VLOOKUP(A52,[2]韩国KOSPI指数历史数据!$A:$B,2,) -> 1986.14 | W52: =VLOOKUP(A52,[3]日经225指数历史数据!$A:$B,2,) -> 10211.95 | X52: 1298.97 | Y52: =VLOOKUP(A52,[4]上证指数历史数据!$A:$B,2,) -> 2841.04 | Z52: =VLOOKUP(A52,[5]深证成份指数历史数据!$A:$B,2,) -> 12460.46 | AA52: =VLOOKUP(A52,[6]台湾加权指数历史数据!$A:$B,2,) -> 8718.83 | AB52: 23162.91 | AC52: 3185.42 | AD52: 5857.35 | AE52: =VLOOKUP(A52,[7]越南VN30指数历史数据!$A:$B,2,) -> 501.99 | AF52: 28050.46 | AG52: 10136.35 | AH52: 12813.85 | AI52: 1045.11 | AJ52: 1161.3
A53: 40524 | B53: 3403.08 | C53: 67981 | D53: 4763.1 | E53: 11491.91 | F53: 13201.46 | G53: 779.51 | H53: 1243.91 | I53: 2642.97 | J53: 37997.34 | K53: 23269.54 | L53: 2759.52 | M53: 6982.45 | N53: =VLOOKUP(A53,'[1]俄罗斯交易系统市值加权指数历史数据 (1)'!$A:$B,2,) -> 1743.87 | O53: 3867.35 | P53: 352.05 | Q53: 6538.16 | R53: 635.24 | S53: 9898.1 | T53: 5871.75 | U53: 2821.77 | V53: =VLOOKUP(A53,[2]韩国KOSPI指数历史数据!$A:$B,2,) -> 2026.3 | W53: =VLOOKUP(A53,[3]日经225指数历史数据!$A:$B,2,) -> 10303.83 | X53: 1306.18 | Y53: =VLOOKUP(A53,[4]上证指数历史数据!$A:$B,2,) -> 2893.74 | Z53: =VLOOKUP(A53,[5]深证成份指数历史数据!$A:$B,2,) -> 12759.6 | AA53: =VLOOKUP(A53,[6]台湾加权指数历史数据!$A:$B,2,) -> 8817.9 | AB53: 22714.85 | AC53: 3153.01 | AD53: 5948.75 | AE53: =VLOOKUP(A53,[7]越南VN30指数历史数据!$A:$B,2,) -> 524.03 | AF53: 28215.48 | AG53: 10136.01 | AH53: 12714.58 | AI53: 1051.6 | AJ53: 1161.3
A54: 40531 | B54: 3476.42 | C54: 68486 | D54: 4777.3 | E54: 11573.49 | F54: 13383.16 | G54: 788.96 | H54: 1256.77 | I54: 2665.6 | J54: 38081.07 | K54: 22921.59 | L54: 2768.66 | M54: 7057.69 | N54: =VLOOKUP(A54,'[1]俄罗斯交易系统市值加权指数历史数据 (1)'!$A:$B,2,) -> 1769.57 | O54: 3900.39 | P54: 355.92 | Q54: 6599.43 | R54: 662.67 | S54: 10106.9 | T54: 6008.92 | U54: 2861.94 | V54: =VLOOKUP(A54,[2]韩国KOSPI指数历史数据!$A:$B,2,) -> 2029.6 | W54: =VLOOKUP(A54,[3]日经225指数历史数据!$A:$B,2,) -> 10279.19 | X54: 1305.45 | Y54: =VLOOKUP(A54,[4]上证指数历史数据!$A:$B,2,) -> 2835.16 | Z54: =VLOOKUP(A54,[5]深证成份指数历史数据!$A:$B,2,) -> 12556.84 | AA54: =VLOOKUP(A54,[6]台湾加权指数历史数据!$A:$B,2,) -> 8861.1 | AB54: 22833.8 | AC54: 3143.8 | AD54: 6011.6 | AE54: =VLOOKUP(A54,[7]越南VN30指数历史数据!$A:$B,2,) -> 502.49 | AF54: 28582.68 | AG54: 10203 | AH54: 12645.3 | AI54: 1069.94 | AJ54: 1161.3
A55: 40538 | B55: 3523.59 | C55: 69305 | D55: 4745.2 | E55: 11577.51 | F55: 13443.22 | G55: 783.65 | H55: 1257.64 | I55: 2652.87 | J55: 38550.79 | K55: 22979.22 | L55: 2744.17 | M55: 6914.19 | N55: =VLOOKUP(A55,'[1]俄罗斯交易系统市值加权指数历史数据 (1)'!$A:$B,2,) -> 1770.28 | O55: 3804.78 | P55: 354.57 | Q55: 6436.04 | R55: 660.04 | S55: 9859.1 | T55: 5899.94 | U55: 2792.82 | V55: =VLOOKUP(A55,[2]韩国KOSPI指数历史数据!$A:$B,2,) -> 2051 | W55: =VLOOKUP(A55,[3]日经225指数历史数据!$A:$B,2,) -> 10228.92 | X55: 1326.44 | Y55: =VLOOKUP(A55,[4]上证指数历史数据!$A:$B,2,) -> 2808.08 | Z55: =VLOOKUP(A55,[5]深证成份指数历史数据!$A:$B,2,) -> 12458.55 | AA55: =VLOOKUP(A55,[6]台湾加权指数历史数据!$A:$B,2,) -> 8972.5 | AB55: 23035.45 | AC55: 3190.04 | AD55: 6134.5 | AE55: =VLOOKUP(A55,[7]越南VN30指数历史数据!$A:$B,2,) -> 513.6 | AF55: 28639.4 | AG55: 10451.8 | AH55: 12655.2 | AI55: 1077.25 | AJ55: 1163.89
A56: 40545 | B56: 3546.26 | C56: 70057 | D56: 4705 | E56: 11674.76 | F56: 13272.3 | G56: 787.83 | H56: 1271.5 | I56: 2703.17 | J56: 38600.86 | K56: 23210.23 | L56: 2682 | M56: 6947.84 | N56: =VLOOKUP(A56,'[1]俄罗斯交易系统市值加权指数历史数据 (1)'!$A:$B,2,) -> #N/A | O56: 3865.58 | P56: 356.44 | Q56: 6497.64 | R56: 687.7 | S56: 9560.7 | T56: 5984.33 | U56: 2808.25 | V56: =VLOOKUP(A56,[2]韩国KOSPI指数历史数据!$A:$B,2,) -> 2086.2 | W56: =VLOOKUP(A56,[3]日经225指数历史数据!$A:$B,2,) -> 10541.04 | X56: 1335.99 | Y56: =VLOOKUP(A56,[4]上证指数历史数据!$A:$B,2,) -> 2838.8 | Z56: =VLOOKUP(A56,[5]深证成份指数历史数据!$A:$B,2,) -> 12573.94 | AA56: =VLOOKUP(A56,[6]台湾加权指数历史数据!$A:$B,2,) -> 8782.72 | AB56: 23686.63 | AC56: 3261.35 | AD56: 5904.6 | AE56: =VLOOKUP(A56,[7]越南VN30指数历史数据!$A:$B,2,) -> 504.18 | AF56: 28415.54 | AG56: 10582.45 | AH56: 13027.52 | AI56: 1145.29 | AJ56: 1165.29
A57: 40552 | B57: 3539.06 | C57: 70940 | D57: 4801.5 | E57: 11787.38 | F57: 13464.06 | G57: 807.57 | H57: 1293.24 | I57: 2755.3 | J57: 37994.72 | K57: 23179.07 | L57: 2704.88 | M57: 7075.7 | N57: =VLOOKUP(A57,'[1]俄罗斯交易系统市值加权指数历史数据 (1)'!$A:$B,2,) -> 1870.09 | O57: 3983.28 | P57: 361.32 | Q57: 6556.09 | R57: 678.8 | S57: 10385.1 | T57: 6002.07 | U57: 2920.4 | V57: =VLOOKUP(A57,[2]韩国KOSPI指数历史数据!$A:$B,2,) -> 2108.17 | W57: =VLOOKUP(A57,[3]日经225指数历史数据!$A:$B,2,) -> 10499.04 | X57: 1335.82 | Y57: =VLOOKUP(A57,[4]上证指数历史数据!$A:$B,2,) -> 2791.34 | Z57: =VLOOKUP(A57,[5]深证成份指数历史数据!$A:$B,2,) -> 12294.17 | AA57: =VLOOKUP(A57,[6]台湾加权指数历史数据!$A:$B,2,) -> 8972.51 | AB57: 24283.23 | AC57: 3245.96 | AD57: 5654.55 | AE57: =VLOOKUP(A57,[7]越南VN30指数历史数据!$A:$B,2,) -> 509.86 | AF57: 29226.96 | AG57: 10540.7 | AH57: 13292.27 | AI57: 1203.69 | AJ57: 1167.17
A58: 40559 | B58: 3648.26 | C58: 69133 | D58: 4755.7 | E58: 11871.84 | F58: 13258.57 | G58: 773.18 | H58: 1283.35 | I58: 2689.54 | J58: 37321.11 | K58: 23042.48 | L58: 2733.31 | M58: 7062.42 | N58: =VLOOKUP(A58,'[1]俄罗斯交易系统市值加权指数历史数据 (1)'!$A:$B,2,) -> 1884.76 | O58: 4017.45 | P58: 361.05 | Q58: 6567.31 | R58: 659.27 | S58: 10829.1 | T58: 5896.25 | U58: 2970.56 | V58: =VLOOKUP(A58,[2]韩国KOSPI指数历史数据!$A:$B,2,) -> 2069.92 | W58: =VLOOKUP(A58,[3]日经225指数历史数据!$A:$B,2,) -> 10274.52 | X58: 1337.56 | Y58: =VLOOKUP(A58,[4]上证指数历史数据!$A:$B,2,) -> 2715.29 | Z58: =VLOOKUP(A58,[5]深证成份指数历史数据!$A:$B,2,) -> 11639.96 | AA58: =VLOOKUP(A58,[6]台湾加权指数历史数据!$A:$B,2,) -> 8954.38 | AB58: 23876.86 | AC58: 3184.6 | AD58: 5696.5 | AE58: =VLOOKUP(A58,[7]越南VN30指数历史数据!$A:$B,2,) -> 528.36 | AF58: 28808.74 | AG58: 9869.15 | AH58: 13151.07 | AI58: 1216.21 | AJ58: 1173.67
A59: 40566 | B59: 3583.11 | C59: 66698 | D59: 4774.9 | E59: 11823.7 | F59: 13437.58 | G59: 775.4 | H59: 1276.34 | I59: 2686.89 | J59: 36839.72 | K59: 22240.73 | L59: 2704.92 | M59: 7102.8 | N59: =VLOOKUP(A59,'[1]俄罗斯交易系统市值加权指数历史数据 (1)'!$A:$B,2,) -> 1885.53 | O59: 4002.32 | P59: 361.16 | Q59: 6528.13 | R59: 632.11 | S59: 10747 | T59: 5881.37 | U59: 2954.13 | V59: =VLOOKUP(A59,[2]韩国KOSPI指数历史数据!$A:$B,2,) -> 2107.87 | W59: =VLOOKUP(A59,[3]日经225指数历史数据!$A:$B,2,) -> 10360.34 | X59: 1332.49 | Y59: =VLOOKUP(A59,[4]上证指数历史数据!$A:$B,2,) -> 2752.75 | Z59: =VLOOKUP(A59,[5]深证成份指数历史数据!$A:$B,2,) -> 11894.23 | AA59: =VLOOKUP(A59,[6]台湾加权指数历史数据!$A:$B,2,) -> 9145.35 | AB59: 23617.02 | AC59: 3229.69 | AD59: 5512.15 | AE59: =VLOOKUP(A59,[7]越南VN30指数历史数据!$A:$B,2,) -> 531.47 | AF59: 28232.1 | AG59: 8282.87 | AH59: 12860.16 | AI59: 1200.75 | AJ59: 1173.67
A60: 40573 | B60: 3631.22 | C60: 65269 | D60: 4862.7 | E60: 12092.15 | F60: 13791.85 | G60: 800.11 | H60: 1310.87 | I60: 2769.3 | J60: 37451.84 | K60: 21987.4 | L60: 2742.34 | M60: 7216.21 | N60: =VLOOKUP(A60,'[1]俄罗斯交易系统市值加权指数历史数据 (1)'!$A:$B,2,) -> 1928.58 | O60: 4047.21 | P60: 365.51 | Q60: 6584.4 | R60: 653.09 | S60: 10854.7 | T60: 5997.38 | U60: 3003.19 | V60: =VLOOKUP(A60,[2]韩国KOSPI指数历史数据!$A:$B,2,) -> 2072.03 | W60: =VLOOKUP(A60,[3]日经225指数历史数据!$A:$B,2,) -> 10543.52 | X60: 1299.12 | Y60: =VLOOKUP(A60,[4]上证指数历史数据!$A:$B,2,) -> 2798.96 | Z60: =VLOOKUP(A60,[5]深证成份指数历史数据!$A:$B,2,) -> 11991.51 | AA60: =VLOOKUP(A60,[6]台湾加权指数历史数据!$A:$B,2,) -> #N/A | AB60: 23908.96 | AC60: 3211.12 | AD60: 5395.75 | AE60: =VLOOKUP(A60,[7]越南VN30指数历史数据!$A:$B,2,) -> #N/A | AF60: 29718.96 | AG60: #N/A | AH60: 12560.01 | AI60: 1171.74 | AJ60: 1173.75
A61: 40580 | B61: 3460.04 | C61: 65756 | D61: 4880.9 | E61: 12273.26 | F61: 13766.76 | G61: 822.11 | H61: 1329.15 | I61: 2809.44 | J61: 37011.49 | K61: 21797.99 | L61: 2727.06 | M61: 7371.2 | N61: =VLOOKUP(A61,'[1]俄罗斯交易系统市值加权指数历史数据 (1)'!$A:$B,2,) -> 1881.9 | O61: 4101.31 | P61: 369.65 | Q61: 6665.22 | R61: 647.3 | S61: 10803.6 | T61: 6062.9 | U61: 3024.37 | V61: =VLOOKUP(A61,[2]韩国KOSPI指数历史数据!$A:$B,2,) -> 1977.19 | W61: =VLOOKUP(A61,[3]日经225指数历史数据!$A:$B,2,) -> 10605.65 | X61: 1302.38 | Y61: =VLOOKUP(A61,[4]上证指数历史数据!$A:$B,2,) -> 2827.33 | Z61: =VLOOKUP(A61,[5]深证成份指数历史数据!$A:$B,2,) -> 12292.49 | AA61: =VLOOKUP(A61,[6]台湾加权指数历史数据!$A:$B,2,) -> 8609.86 | AB61: 22828.92 | AC61: 3077.27 | AD61: 5310 | AE61: =VLOOKUP(A61,[7]越南VN30指数历史数据!$A:$B,2,) -> 540.13 | AF61: 29813.43 | AG61: #N/A | AH61: 12775.71 | AI61: 1162.82 | AJ61: 1175.08
A62: 40587 | B62: 3537.06 | C62: 68067 | D62: 4936.7 | E62: 12391.25 | F62: 14123.11 | G62: 834.82 | H62: 1340.43 | I62: 2833.95 | J62: 37522.3 | K62: 21310.33 | L62: 2663.53 | M62: 7426.81 | N62: =VLOOKUP(A62,'[1]俄罗斯交易系统市值加权指数历史数据 (1)'!$A:$B,2,) -> 1868.4 | O62: 4157.14 | P62: 374.19 | Q62: 6717.25 | R62: 659.86 | S62: 11068.1 | T62: 6082.99 | U62: 3068 | V62: =VLOOKUP(A62,[2]韩国KOSPI指数历史数据!$A:$B,2,) -> 2013.14 | W62: =VLOOKUP(A62,[3]日经225指数历史数据!$A:$B,2,) -> 10842.8 | X62: 1334.73 | Y62: =VLOOKUP(A62,[4]上证指数历史数据!$A:$B,2,) -> 2899.79 | Z62: =VLOOKUP(A62,[5]深证成份指数历史数据!$A:$B,2,) -> 12613.11 | AA62: =VLOOKUP(A62,[6]台湾加权指数历史数据!$A:$B,2,) -> 8843.84 | AB62: 23595.24 | AC62: 3086.92 | AD62: 5458.95 | AE62: =VLOOKUP(A62,[7]越南VN30指数历史数据!$A:$B,2,) -> 518.86 | AF62: 29292.85 | AG62: #N/A | AH62: 12629.05 | AI62: 1166.95 | AJ62: 1176.38
A63: 40594 | B63: 3435.44 | C63: 66903 | D63: 4836.5 | E63: 12130.45 | F63: 14052.13 | G63: 821.95 | H63: 1319.88 | I63: 2781.05 | J63: 36880.2 | K63: 20934.95 | L63: 2673.52 | M63: 7185.17 | N63: =VLOOKUP(A63,'[1]俄罗斯交易系统市值加权指数历史数据 (1)'!$A:$B,2,) -> 1932.82 | O63: 4070.38 | P63: 366.77 | Q63: 6537.2 | R63: 613.67 | S63: 10822.7 | T63: 6001.2 | U63: 2985.02 | V63: =VLOOKUP(A63,[2]韩国KOSPI指数历史数据!$A:$B,2,) -> 1963.43 | W63: =VLOOKUP(A63,[3]日经225指数历史数据!$A:$B,2,) -> 10526.76 | X63: 1272.62 | Y63: =VLOOKUP(A63,[4]上证指数历史数据!$A:$B,2,) -> 2878.57 | Z63: =VLOOKUP(A63,[5]深证成份指数历史数据!$A:$B,2,) -> 12633.88 | AA63: =VLOOKUP(A63,[6]台湾加权指数历史数据!$A:$B,2,) -> 8599.65 | AB63: 23012.37 | AC63: 3025.16 | AD63: 5303.55 | AE63: =VLOOKUP(A63,[7]越南VN30指数历史数据!$A:$B,2,) -> 490.71 | AF63: 28803.79 | AG63: #N/A | AH63: 12709.84 | AI63: 1147.14 | AJ63: 1178.7
A64: 40601 | B64: 3467.72 | C64: 68012 | D64: 4864.3 | E64: 12169.88 | F64: 14252.77 | G64: 824.99 | H64: 1321.15 | I64: 2784.67 | J64: 36900.84 | K64: 21562.01 | L64: 2783.11 | M64: 7178.9 | N64: =VLOOKUP(A64,'[1]俄罗斯交易系统市值加权指数历史数据 (1)'!$A:$B,2,) -> 2012.68 | O64: 4020.21 | P64: 367.95 | Q64: 6530.54 | R64: 611.13 | S64: 10498.7 | T64: 5990.39 | U64: 2949.18 | V64: =VLOOKUP(A64,[2]韩国KOSPI指数历史数据!$A:$B,2,) -> 2004.68 | W64: =VLOOKUP(A64,[3]日经225指数历史数据!$A:$B,2,) -> 10693.66 | X64: 1272.55 | Y64: =VLOOKUP(A64,[4]上证指数历史数据!$A:$B,2,) -> 2942.31 | Z64: =VLOOKUP(A64,[5]深证成份指数历史数据!$A:$B,2,) -> 12893.84 | AA64: =VLOOKUP(A64,[6]台湾加权指数历史数据!$A:$B,2,) -> 8784.4 | AB64: 23408.86 | AC64: 3061.31 | AD64: 5538.75 | AE64: =VLOOKUP(A64,[7]越南VN30指数历史数据!$A:$B,2,) -> 477.72 | AF64: 29178.12 | AG64: #N/A | AH64: 12728.73 | AI64: 1104.67 | AJ64: 1184.61
A65: 40608 | B65: 3403.51 | C65: 66685 | D65: 4644.8 | E65: 12044.4 | F65: 13674.25 | G65: 802.83 | H65: 1304.28 | I65: 2715.61 | J65: 36091.22 | K65: 20725.29 | L65: 2749.3 | M65: 6981.49 | N65: =VLOOKUP(A65,'[1]俄罗斯交易系统市值加权指数历史数据 (1)'!$A:$B,2,) -> 1929.59 | O65: 3928.68 | P65: 359.07 | Q65: 6353.76 | R65: 637.82 | S65: 10398.4 | T65: 5828.67 | U65: 2883.84 | V65: =VLOOKUP(A65,[2]韩国KOSPI指数历史数据!$A:$B,2,) -> 1955.54 | W65: =VLOOKUP(A65,[3]日经225指数历史数据!$A:$B,2,) -> 10254.43 | X65: 1262.47 | Y65: =VLOOKUP(A65,[4]上证指数历史数据!$A:$B,2,) -> 2933.8 | Z65: =VLOOKUP(A65,[5]深证成份指数历史数据!$A:$B,2,) -> 12848.02 | AA65: =VLOOKUP(A65,[6]台湾加权指数历史数据!$A:$B,2,) -> 8567.82 | AB65: 23249.78 | AC65: 3043.49 | AD65: 5445.45 | AE65: =VLOOKUP(A65,[7]越南VN30指数历史数据!$A:$B,2,) -> 510.74 | AF65: 28070.66 | AG65: #N/A | AH65: 12770.18 | AI65: 1115.95 | AJ65: 1172.67
A66: 40615 | B66: 3277.87 | C66: 66880 | D66: 4626.4 | E66: 11858.52 | F66: 13789.63 | G66: 794.66 | H66: 1279.2 | I66: 2643.67 | J66: 35418.5 | K66: 20653.89 | L66: 2779.69 | M66: 6664.4 | N66: =VLOOKUP(A66,'[1]俄罗斯交易系统市值加权指数历史数据 (1)'!$A:$B,2,) -> 1962.92 | O66: 3810.22 | P66: 350.41 | Q66: 6098.05 | R66: 638.39 | S66: 10328.4 | T66: 5718.13 | U66: 2792.61 | V66: =VLOOKUP(A66,[2]韩国KOSPI指数历史数据!$A:$B,2,) -> 1981.13 | W66: =VLOOKUP(A66,[3]日经225指数历史数据!$A:$B,2,) -> 9206.75 | X66: 1267.54 | Y66: =VLOOKUP(A66,[4]上证指数历史数据!$A:$B,2,) -> 2906.89 | Z66: =VLOOKUP(A66,[5]深证成份指数历史数据!$A:$B,2,) -> 12721.99 | AA66: =VLOOKUP(A66,[6]台湾加权指数历史数据!$A:$B,2,) -> 8394.75 | AB66: 22300.23 | AC66: 2935.78 | AD66: 5373.7 | AE66: =VLOOKUP(A66,[7]越南VN30指数历史数据!$A:$B,2,) -> 491.61 | AF66: 27612.91 | AG66: #N/A | AH66: 12661.6 | AI66: 1047.59 | AJ66: 1187.94
A67: 40622 | B67: 3348.83 | C67: 67766 | D67: 4742.6 | E67: 12220.59 | F67: 14039.39 | G67: 823.85 | H67: 1313.8 | I67: 2743.06 | J67: 36784.27 | K67: 21722.1 | L67: 2813.89 | M67: 6946.36 | N67: =VLOOKUP(A67,'[1]俄罗斯交易系统市值加权指数历史数据 (1)'!$A:$B,2,) -> 2041.49 | O67: 3972.38 | P67: 364.65 | Q67: 6352.28 | R67: 642.47 | S67: 10710.4 | T67: 5900.76 | U67: 2911.33 | V67: =VLOOKUP(A67,[2]韩国KOSPI指数历史数据!$A:$B,2,) -> 2054.04 | W67: =VLOOKUP(A67,[3]日经225指数历史数据!$A:$B,2,) -> 9536.13 | X67: 1280.44 | Y67: =VLOOKUP(A67,[4]上证指数历史数据!$A:$B,2,) -> 2977.81 | Z67: =VLOOKUP(A67,[5]深证成份指数历史数据!$A:$B,2,) -> 12942.07 | AA67: =VLOOKUP(A67,[6]台湾加权指数历史数据!$A:$B,2,) -> 8610.39 | AB67: 23158.67 | AC67: 3070.84 | AD67: 5654.25 | AE67: =VLOOKUP(A67,[7]越南VN30指数历史数据!$A:$B,2,) -> 488.07 | AF67: 28492.55 | AG67: 7286.3 | AH67: 12416.27 | AI67: 1075.56 | AJ67: 1214.28
A68: 40629 | B68: 3471.95 | C68: 69268 | D68: 4861.8 | E68: 12376.72 | F68: 14130.15 | G68: 846.77 | H68: 1332.41 | I68: 2789.6 | J68: 37775.07 | K68: 22235.76 | L68: 2877.24 | M68: 7179.81 | N68: =VLOOKUP(A68,'[1]俄罗斯交易系统市值加权指数历史数据 (1)'!$A:$B,2,) -> 2076.78 | O68: 4054.76 | P68: 369.45 | Q68: 6439.91 | R68: 657.14 | S68: 10729.9 | T68: 6009.92 | U68: 2962.92 | V68: =VLOOKUP(A68,[2]韩国KOSPI指数历史数据!$A:$B,2,) -> 2121.01 | W68: =VLOOKUP(A68,[3]日经225指数历史数据!$A:$B,2,) -> 9708.39 | X68: 1321.18 | Y68: =VLOOKUP(A68,[4]上证指数历史数据!$A:$B,2,) -> 2967.41 | Z68: =VLOOKUP(A68,[5]深证成份指数历史数据!$A:$B,2,) -> 12699.42 | AA68: =VLOOKUP(A68,[6]台湾加权指数历史数据!$A:$B,2,) -> 8705.13 | AB68: 23801.9 | AC68: 3120.47 | AD68: 5826.05 | AE68: =VLOOKUP(A68,[7]越南VN30指数历史数据!$A:$B,2,) -> 487.57 | AF68: 29175.56 | AG68: 7978.96 | AH68: 11956.83 | AI68: 1067.94 | AJ68: 1216.04
A69: 40636 | B69: 3480.39 | C69: 68718 | D69: 4940.6 | E69: 12380.05 | F69: 14208.43 | G69: 840.89 | H69: 1328.17 | I69: 2780.41 | J69: 37471.72 | K69: 22356.26 | L69: 2903.53 | M69: 7217.02 | N69: =VLOOKUP(A69,'[1]俄罗斯交易系统市值加权指数历史数据 (1)'!$A:$B,2,) -> 2123.56 | O69: 4061.91 | P69: 366.94 | Q69: 6457.93 | R69: 680.93 | S69: 10913.2 | T69: 6055.75 | U69: 2984.66 | V69: =VLOOKUP(A69,[2]韩国KOSPI指数历史数据!$A:$B,2,) -> 2127.97 | W69: =VLOOKUP(A69,[3]日经225指数历史数据!$A:$B,2,) -> 9768.08 | X69: 1317.69 | Y69: =VLOOKUP(A69,[4]上证指数历史数据!$A:$B,2,) -> 3030.02 | Z69: =VLOOKUP(A69,[5]深证成份指数历史数据!$A:$B,2,) -> 13036.23 | AA69: =VLOOKUP(A69,[6]台湾加权指数历史数据!$A:$B,2,) -> 8894.54 | AB69: 24396.07 | AC69: 3187.31 | AD69: 5842 | AE69: =VLOOKUP(A69,[7]越南VN30指数历史数据!$A:$B,2,) -> 498.28 | AF69: 29561.08 | AG69: 7937.74 | AH69: 12038.88 | AI69: 1077.12 | AJ69: 1192.98
A70: 40643 | B70: 3381.25 | C70: 66684 | D70: 4852.1 | E70: 12341.83 | F70: 13799.12 | G70: 834.98 | H70: 1319.68 | I70: 2764.65 | J70: 36988.38 | K70: 22176.38 | L70: 2917.21 | M70: 7178.29 | N70: =VLOOKUP(A70,'[1]俄罗斯交易系统市值加权指数历史数据 (1)'!$A:$B,2,) -> 2030.32 | O70: 3974.48 | P70: 359 | Q70: 6400.26 | R70: 684.5 | S70: 10558.6 | T70: 5996.01 | U70: 2919.05 | V70: =VLOOKUP(A70,[2]韩国KOSPI指数历史数据!$A:$B,2,) -> 2140.5 | W70: =VLOOKUP(A70,[3]日经225指数历史数据!$A:$B,2,) -> 9591.52 | X70: 1326.19 | Y70: =VLOOKUP(A70,[4]上证指数历史数据!$A:$B,2,) -> 3050.53 | Z70: =VLOOKUP(A70,[5]深证成份指数历史数据!$A:$B,2,) -> 12965.75 | AA70: =VLOOKUP(A70,[6]台湾加权指数历史数据!$A:$B,2,) -> 8718.12 | AB70: 24008.07 | AC70: 3153.3 | AD70: 5824.55 | AE70: =VLOOKUP(A70,[7]越南VN30指数历史数据!$A:$B,2,) -> 488.92 | AF70: 29003.69 | AG70: 7762.98 | AH70: 11937.23 | AI70: 1101.86 | AJ70: 1186.57
A71: 40650 | B71: 3413.94 | C71: 67058 | D71: 4913.8 | E71: 12505.99 | F71: 13972.02 | G71: 845.64 | H71: 1337.38 | I71: 2820.16 | J71: 36816.31 | K71: 22457.92 | L71: 2908.02 | M71: 7295.49 | N71: =VLOOKUP(A71,'[1]俄罗斯交易系统市值加权指数历史数据 (1)'!$A:$B,2,) -> 2049.03 | O71: 4021.88 | P71: 359.01 | Q71: 6457.16 | R71: 686.92 | S71: 10584.1 | T71: 6018.3 | U71: 2936.3 | V71: =VLOOKUP(A71,[2]韩国KOSPI指数历史数据!$A:$B,2,) -> 2197.82 | W71: =VLOOKUP(A71,[3]日经225指数历史数据!$A:$B,2,) -> 9682.21 | X71: 1341.89 | Y71: =VLOOKUP(A71,[4]上证指数历史数据!$A:$B,2,) -> 3010.52 | Z71: =VLOOKUP(A71,[5]深证成份指数历史数据!$A:$B,2,) -> 12708.42 | AA71: =VLOOKUP(A71,[6]台湾加权指数历史数据!$A:$B,2,) -> 8969.43 | AB71: 24138.31 | AC71: 3194.73 | AD71: 5884.7 | AE71: =VLOOKUP(A71,[7]越南VN30指数历史数据!$A:$B,2,) -> 476.75 | AF71: 29457.17 | AG71: 7301.65 | AH71: 11957.23 | AI71: 1105.44 | AJ71: 1185.41
A72: 40657 | B72: 3406.02 | C72: 66133 | D72: 4823.2 | E72: 12810.54 | F72: 13944.79 | G72: 865.29 | H72: 1363.61 | I72: 2873.54 | J72: 36962.62 | K72: 22784.53 | L72: 2913.13 | M72: 7514.46 | N72: =VLOOKUP(A72,'[1]俄罗斯交易系统市值加权指数历史数据 (1)'!$A:$B,2,) -> 2026.94 | O72: 4106.92 | P72: 359.94 | Q72: 6539.7 | R72: 692.5 | S72: 10878.9 | T72: 6069.9 | U72: 3011.25 | V72: =VLOOKUP(A72,[2]韩国KOSPI指数历史数据!$A:$B,2,) -> 2192.36 | W72: =VLOOKUP(A72,[3]日经225指数历史数据!$A:$B,2,) -> 9849.74 | X72: 1314.56 | Y72: =VLOOKUP(A72,[4]上证指数历史数据!$A:$B,2,) -> 2911.51 | Z72: =VLOOKUP(A72,[5]深证成份指数历史数据!$A:$B,2,) -> 12312.99 | AA72: =VLOOKUP(A72,[6]台湾加权指数历史数据!$A:$B,2,) -> 9007.87 | AB72: 23720.81 | AC72: 3179.86 | AD72: 5749.5 | AE72: =VLOOKUP(A72,[7]越南VN30指数历史数据!$A:$B,2,) -> 487.92 | AF72: 29564.28 | AG72: 7307.5 | AH72: 11551.5 | AI72: 1117.34 | AJ72: 1185.41
A73: 40664 | B73: 3315.84 | C73: 64417 | D73: 4743 | E73: 12638.74 | F73: 13566.6 | G73: 833.34 | H73: 1340.2 | I73: 2827.56 | J73: 35212.23 | K73: 22794.19 | L73: 2867.19 | M73: 7492.25 | N73: =VLOOKUP(A73,'[1]俄罗斯交易系统市值加权指数历史数据 (1)'!$A:$B,2,) -> 1936.29 | O73: 4058.01 | P73: 359.12 | Q73: 6526.51 | R73: 682.41 | S73: 10610.5 | T73: 5976.77 | U73: 2952.9 | V73: =VLOOKUP(A73,[2]韩国KOSPI指数历史数据!$A:$B,2,) -> 2147.45 | W73: =VLOOKUP(A73,[3]日经225指数历史数据!$A:$B,2,) -> 9859.2 | X73: 1277.24 | Y73: =VLOOKUP(A73,[4]上证指数历史数据!$A:$B,2,) -> 2863.89 | Z73: =VLOOKUP(A73,[5]深证成份指数历史数据!$A:$B,2,) -> 12067.61 | AA73: =VLOOKUP(A73,[6]台湾加权指数历史数据!$A:$B,2,) -> 8977.23 | AB73: 23159.14 | AC73: 3099.52 | AD73: 5551.45 | AE73: =VLOOKUP(A73,[7]越南VN30指数历史数据!$A:$B,2,) -> 487.16 | AF73: 28626.86 | AG73: 7198.11 | AH73: 11915.01 | AI73: 1143.84 | AJ73: 1184.05
A74: 40671 | B74: 3378.18 | C74: 63235 | D74: 4711.4 | E74: 12595.75 | F74: 13377.16 | G74: 835.67 | H74: 1337.78 | I74: 2828.47 | J74: 35045.14 | K74: 22966.67 | L74: 2822.57 | M74: 7403.31 | N74: =VLOOKUP(A74,'[1]俄罗斯交易系统市值加权指数历史数据 (1)'!$A:$B,2,) -> 1866.3 | O74: 4018.85 | P74: 354.86 | Q74: 6563.26 | R74: 645.85 | S74: 10356.5 | T74: 5925.87 | U74: 2894.6 | V74: =VLOOKUP(A74,[2]韩国KOSPI指数历史数据!$A:$B,2,) -> 2120.08 | W74: =VLOOKUP(A74,[3]日经225指数历史数据!$A:$B,2,) -> 9648.77 | X74: 1290.8 | Y74: =VLOOKUP(A74,[4]上证指数历史数据!$A:$B,2,) -> 2871.03 | Z74: =VLOOKUP(A74,[5]深证成份指数历史数据!$A:$B,2,) -> 12156.6 | AA74: =VLOOKUP(A74,[6]台湾加权指数历史数据!$A:$B,2,) -> 9006.61 | AB74: 23276.27 | AC74: 3163.68 | AD74: 5544.75 | AE74: =VLOOKUP(A74,[7]越南VN30指数历史数据!$A:$B,2,) -> 488.75 | AF74: 28722.89 | AG74: 7282.7 | AH74: 12064.39 | AI74: 1165.88 | AJ74: 1184.09
A75: 40678 | B75: 3383.79 | C75: 62597 | D75: 4732.2 | E75: 12512.04 | F75: 13652.27 | G75: 829.06 | H75: 1333.27 | I75: 2803.32 | J75: 35298.67 | K75: 22820.17 | L75: 2829.43 | M75: 7266.82 | N75: =VLOOKUP(A75,'[1]俄罗斯交易系统市值加权指数历史数据 (1)'!$A:$B,2,) -> 1825.34 | O75: 3990.85 | P75: 348.24 | Q75: 6530.61 | R75: 632.99 | S75: 10226.6 | T75: 5948.49 | U75: 2853.98 | V75: =VLOOKUP(A75,[2]韩国KOSPI指数历史数据!$A:$B,2,) -> 2111.5 | W75: =VLOOKUP(A75,[3]日经225指数历史数据!$A:$B,2,) -> 9607.08 | X75: 1293.24 | Y75: =VLOOKUP(A75,[4]上证指数历史数据!$A:$B,2,) -> 2858.46 | Z75: =VLOOKUP(A75,[5]深证成份指数历史数据!$A:$B,2,) -> 12161.03 | AA75: =VLOOKUP(A75,[6]台湾加权指数历史数据!$A:$B,2,) -> 8837.03 | AB75: 23199.39 | AC75: 3168.54 | AD75: 5486.35 | AE75: =VLOOKUP(A75,[7]越南VN30指数历史数据!$A:$B,2,) -> 452.52 | AF75: 28552.45 | AG75: 7664.56 | AH75: 11880.61 | AI75: 1139.81 | AJ75: 1190.19
A76: 40685 | B76: 3265.82 | C76: 64295 | D76: 4684 | E76: 12441.58 | F76: 13797.59 | G76: 836.26 | H76: 1331.1 | I76: 2796.86 | J76: 35819.2 | K76: 22907.23 | L76: 2866.63 | M76: 7163.47 | N76: =VLOOKUP(A76,'[1]俄罗斯交易系统市值加权指数历史数据 (1)'!$A:$B,2,) -> 1858.39 | O76: 3950.98 | P76: 346.06 | Q76: 6489.32 | R76: 624.07 | S76: 10261.2 | T76: 5938.87 | U76: 2819.4 | V76: =VLOOKUP(A76,[2]韩国KOSPI指数历史数据!$A:$B,2,) -> 2100.24 | W76: =VLOOKUP(A76,[3]日经225指数历史数据!$A:$B,2,) -> 9521.94 | X76: 1237.89 | Y76: =VLOOKUP(A76,[4]上证指数历史数据!$A:$B,2,) -> 2709.95 | Z76: =VLOOKUP(A76,[5]深证成份指数历史数据!$A:$B,2,) -> 11492.71 | AA76: =VLOOKUP(A76,[6]台湾加权指数历史数据!$A:$B,2,) -> 8810 | AB76: 23118.07 | AC76: 3135.52 | AD76: 5476.1 | AE76: =VLOOKUP(A76,[7]越南VN30指数历史数据!$A:$B,2,) -> 428.45 | AF76: 29141.21 | AG76: 7878.91 | AH76: 12154.48 | AI76: 1145.99 | AJ76: 1261.62
A77: 40692 | B77: 3164.97 | C77: 64341 | D77: 4583.1 | E77: 12151.26 | F77: 13517.91 | G77: 808.13 | H77: 1300.16 | I77: 2732.78 | J77: 35123.89 | K77: 23007.22 | L77: 2883.82 | M77: 7109.03 | N77: =VLOOKUP(A77,'[1]俄罗斯交易系统市值加权指数历史数据 (1)'!$A:$B,2,) -> 1858.08 | O77: 3890.68 | P77: 340.24 | Q77: 6407.39 | R77: 628.07 | S77: 10285.7 | T77: 5855.01 | U77: 2789.11 | V77: =VLOOKUP(A77,[2]韩国KOSPI指数历史数据!$A:$B,2,) -> 2113.47 | W77: =VLOOKUP(A77,[3]日经225指数历史数据!$A:$B,2,) -> 9492.21 | X77: 1227.95 | Y77: =VLOOKUP(A77,[4]上证指数历史数据!$A:$B,2,) -> 2728.02 | Z77: =VLOOKUP(A77,[5]深证成份指数历史数据!$A:$B,2,) -> 11642.4 | AA77: =VLOOKUP(A77,[6]台湾加权指数历史数据!$A:$B,2,) -> 9046.28 | AB77: 22949.56 | AC77: 3145.67 | AD77: 5516.75 | AE77: =VLOOKUP(A77,[7]越南VN30指数历史数据!$A:$B,2,) -> 458.32 | AF77: 28258.28 | AG77: 7811.25 | AH77: 12196.53 | AI77: 1158.96 | AJ77: 1262.82
A78: 40699 | B78: 3227.77 | C78: 62697 | D78: 4562.1 | E78: 11951.91 | F78: 13084 | G78: 779.54 | H78: 1270.98 | I78: 2643.73 | J78: 34963.78 | K78: 22466.37 | L78: 2852.16 | M78: 7069.9 | N78: =VLOOKUP(A78,'[1]俄罗斯交易系统市值加权指数历史数据 (1)'!$A:$B,2,) -> 1926.02 | O78: 3805.09 | P78: 333.83 | Q78: 6197.25 | R78: 637 | S78: 9950.8 | T78: 5765.8 | U78: 2732.54 | V78: =VLOOKUP(A78,[2]韩国KOSPI指数历史数据!$A:$B,2,) -> 2046.67 | W78: =VLOOKUP(A78,[3]日经225指数历史数据!$A:$B,2,) -> 9514.44 | X78: 1219.45 | Y78: =VLOOKUP(A78,[4]上证指数历史数据!$A:$B,2,) -> 2705.14 | Z78: =VLOOKUP(A78,[5]深证成份指数历史数据!$A:$B,2,) -> 11593.38 | AA78: =VLOOKUP(A78,[6]台湾加权指数历史数据!$A:$B,2,) -> 8837.82 | AB78: 22420.37 | AC78: 3078.35 | AD78: 5485.8 | AE78: =VLOOKUP(A78,[7]越南VN30指数历史数据!$A:$B,2,) -> 460.24 | AF78: 27809.9 | AG78: 7967.12 | AH78: 12036.45 | AI78: 1146 | AJ78: 1263.59
A79: 40706 | B79: 3269.28 | C79: 61060 | D79: 4484.9 | E79: 12004.36 | F79: 12789.95 | G79: 781.75 | H79: 1271.5 | I79: 2616.48 | J79: 35025.74 | K79: 21965.22 | L79: 2880.13 | M79: 7164.05 | N79: =VLOOKUP(A79,'[1]俄罗斯交易系统市值加权指数历史数据 (1)'!$A:$B,2,) -> 1878.55 | O79: 3823.74 | P79: 333.11 | Q79: 6145.16 | R79: 617.17 | S79: 10135.2 | T79: 5714.94 | U79: 2770.12 | V79: =VLOOKUP(A79,[2]韩国KOSPI指数历史数据!$A:$B,2,) -> 2031.93 | W79: =VLOOKUP(A79,[3]日经225指数历史数据!$A:$B,2,) -> 9351.4 | X79: 1205.59 | Y79: =VLOOKUP(A79,[4]上证指数历史数据!$A:$B,2,) -> 2642.82 | Z79: =VLOOKUP(A79,[5]深证成份指数历史数据!$A:$B,2,) -> 11409.16 | AA79: =VLOOKUP(A79,[6]台湾加权指数历史数据!$A:$B,2,) -> 8636.1 | AB79: 21695.26 | AC79: 3005.28 | AD79: 5366.4 | AE79: =VLOOKUP(A79,[7]越南VN30指数历史数据!$A:$B,2,) -> 460.9 | AF79: 27324.34 | AG79: 8054.51 | AH79: 11741.51 | AI79: 1130.73 | AJ79: 1264.14
A80: 40713 | B80: 3287.62 | C80: 61017 | D80: 4508.1 | E80: 11934.58 | F80: 12908.89 | G80: 797.79 | H80: 1268.45 | I80: 2652.89 | J80: 35347.85 | K80: 22191 | L80: 2801.59 | M80: 7121.38 | N80: =VLOOKUP(A80,'[1]俄罗斯交易系统市值加权指数历史数据 (1)'!$A:$B,2,) -> 1857.04 | O80: 3784.8 | P80: 328.74 | Q80: 5998.02 | R80: 620.73 | S80: 9812.7 | T80: 5697.72 | U80: 2715.88 | V80: =VLOOKUP(A80,[2]韩国KOSPI指数历史数据!$A:$B,2,) -> 2090.81 | W80: =VLOOKUP(A80,[3]日经225指数历史数据!$A:$B,2,) -> 9678.71 | X80: 1211.08 | Y80: =VLOOKUP(A80,[4]上证指数历史数据!$A:$B,2,) -> 2746.21 | Z80: =VLOOKUP(A80,[5]深证成份指数历史数据!$A:$B,2,) -> 11996.08 | AA80: =VLOOKUP(A80,[6]台湾加权指数历史数据!$A:$B,2,) -> 8532.83 | AB80: 22171.95 | AC80: 3066.85 | AD80: 5471.25 | AE80: =VLOOKUP(A80,[7]越南VN30指数历史数据!$A:$B,2,) -> 457.45 | AF80: 27391.89 | AG80: 7962.21 | AH80: 11601.53 | AI80: 1128.62 | AJ80: 1263.12
A81: 40720 | B81: 3396 | C81: 63394 | D81: 4591.2 | E81: 12582.77 | F81: 13300.87 | G81: 840.04 | H81: 1339.67 | I81: 2816.03 | J81: 36800.72 | K81: 22699.35 | L81: 2813.35 | M81: 7419.44 | N81: =VLOOKUP(A81,'[1]俄罗斯交易系统市值加权指数历史数据 (1)'!$A:$B,2,) -> 1937.57 | O81: 4007.35 | P81: 342.82 | Q81: 6237.81 | R81: 632.65 | S81: 10492 | T81: 5989.76 | U81: 2875.67 | V81: =VLOOKUP(A81,[2]韩国KOSPI指数历史数据!$A:$B,2,) -> 2125.74 | W81: =VLOOKUP(A81,[3]日经225指数历史数据!$A:$B,2,) -> 9868.07 | X81: 1223.91 | Y81: =VLOOKUP(A81,[4]上证指数历史数据!$A:$B,2,) -> 2759.36 | Z81: =VLOOKUP(A81,[5]深证成份指数历史数据!$A:$B,2,) -> 12178.08 | AA81: =VLOOKUP(A81,[6]台湾加权指数历史数据!$A:$B,2,) -> 8739.82 | AB81: 22398.1 | AC81: 3139.01 | AD81: 5627.2 | AE81: =VLOOKUP(A81,[7]越南VN30指数历史数据!$A:$B,2,) -> 448.52 | AF81: 28578.56 | AG81: 7795.27 | AH81: 11518.26 | AI81: 1104.59 | AJ81: 1264.49
A82: 40727 | B82: 3470.74 | C82: 61513 | D82: 4654.7 | E82: 12657.2 | F82: 13371.7 | G82: 852.57 | H82: 1343.8 | I82: 2859.81 | J82: 36499.85 | K82: 22612.32 | L82: 2793.62 | M82: 7402.73 | N82: =VLOOKUP(A82,'[1]俄罗斯交易系统市值加权指数历史数据 (1)'!$A:$B,2,) -> 1958.4 | O82: 3913.55 | P82: 342.48 | Q82: 6152.69 | R82: 635.96 | S82: 9938.2 | T82: 5990.58 | U82: 2790.09 | V82: =VLOOKUP(A82,[2]韩国KOSPI指数历史数据!$A:$B,2,) -> 2180.35 | W82: =VLOOKUP(A82,[3]日经225指数历史数据!$A:$B,2,) -> 10137.73 | X82: 1260.16 | Y82: =VLOOKUP(A82,[4]上证指数历史数据!$A:$B,2,) -> 2797.77 | Z82: =VLOOKUP(A82,[5]深证成份指数历史数据!$A:$B,2,) -> 12404.34 | AA82: =VLOOKUP(A82,[6]台湾加权指数历史数据!$A:$B,2,) -> 8749.55 | AB82: 22726.43 | AC82: 3151.28 | AD82: 5660.65 | AE82: =VLOOKUP(A82,[7]越南VN30指数历史数据!$A:$B,2,) -> 456.03 | AF82: 28623.01 | AG82: 7771.94 | AH82: 11577.99 | AI82: 1089.09 | AJ82: 1266.03
A83: 40734 | B83: 3326.57 | C83: 59478 | D83: 4473.5 | E83: 12479.73 | F83: 13299.54 | G83: 828.78 | H83: 1316.14 | I83: 2789.8 | J83: 36155.86 | K83: 22414.35 | L83: 2747.6 | M83: 7220.12 | N83: =VLOOKUP(A83,'[1]俄罗斯交易系统市值加权指数历史数据 (1)'!$A:$B,2,) -> 1938.54 | O83: 3726.59 | P83: 329.49 | Q83: 5938.06 | R83: 626.35 | S83: 9484.2 | T83: 5843.66 | U83: 2675.38 | V83: =VLOOKUP(A83,[2]韩国KOSPI指数历史数据!$A:$B,2,) -> 2145.2 | W83: =VLOOKUP(A83,[3]日经225指数历史数据!$A:$B,2,) -> 9974.47 | X83: 1251.4 | Y83: =VLOOKUP(A83,[4]上证指数历史数据!$A:$B,2,) -> 2820.17 | Z83: =VLOOKUP(A83,[5]深证成份指数历史数据!$A:$B,2,) -> 12506.94 | AA83: =VLOOKUP(A83,[6]台湾加权指数历史数据!$A:$B,2,) -> 8574.91 | AB83: 21875.38 | AC83: 3084.24 | AD83: 5581.1 | AE83: =VLOOKUP(A83,[7]越南VN30指数历史数据!$A:$B,2,) -> 441.56 | AF83: 28915.93 | AG83: 7407.18 | AH83: 11458.32 | AI83: 1059.31 | AJ83: 1266.8
A84: 40741 | B84: 3356.35 | C84: 60270 | D84: 4602.9 | E84: 12681.16 | F84: 13494.63 | G84: 841.82 | H84: 1345.02 | I84: 2858.83 | J84: 35755.48 | K84: 22020.35 | L84: 2743.46 | M84: 7326.39 | N84: =VLOOKUP(A84,'[1]俄罗斯交易系统市值加权指数历史数据 (1)'!$A:$B,2,) -> 1976.82 | O84: 3842.7 | P84: 338.6 | Q84: 6031.93 | R84: 598.02 | S84: 10059.3 | T84: 5935.02 | U84: 2772.6 | V84: =VLOOKUP(A84,[2]韩国KOSPI指数历史数据!$A:$B,2,) -> 2171.23 | W84: =VLOOKUP(A84,[3]日经225指数历史数据!$A:$B,2,) -> 10132.11 | X84: 1263.47 | Y84: =VLOOKUP(A84,[4]上证指数历史数据!$A:$B,2,) -> 2770.79 | Z84: =VLOOKUP(A84,[5]深证成份指数历史数据!$A:$B,2,) -> 12352.5 | AA84: =VLOOKUP(A84,[6]台湾加权指数历史数据!$A:$B,2,) -> 8765.32 | AB84: 22444.8 | AC84: 3182.95 | AD84: 5633.95 | AE84: =VLOOKUP(A84,[7]越南VN30指数历史数据!$A:$B,2,) -> 441.96 | AF84: 28664.52 | AG84: 7432.34 | AH84: 11281.84 | AI84: 1065.26 | AJ84: 1269.57
A85: 40748 | B85: 3321.85 | C85: 58823 | D85: 4424.6 | E85: 12143.24 | F85: 12945.63 | G85: 797.03 | H85: 1292.28 | I85: 2756.38 | J85: 35999.34 | K85: 21166.36 | L85: 2726.31 | M85: 7158.77 | N85: =VLOOKUP(A85,'[1]俄罗斯交易系统市值加权指数历史数据 (1)'!$A:$B,2,) -> 1965.02 | O85: 3671.28 | P85: 329.17 | Q85: 5783.35 | R85: 622.96 | S85: 9630.7 | T85: 5815.19 | U85: 2670.37 | V85: =VLOOKUP(A85,[2]韩国KOSPI指数历史数据!$A:$B,2,) -> 2133.21 | W85: =VLOOKUP(A85,[3]日经225指数历史数据!$A:$B,2,) -> 9833.03 | X85: 1232.74 | Y85: =VLOOKUP(A85,[4]上证指数历史数据!$A:$B,2,) -> 2701.73 | Z85: =VLOOKUP(A85,[5]深证成份指数历史数据!$A:$B,2,) -> 11990.43 | AA85: =VLOOKUP(A85,[6]台湾加权指数历史数据!$A:$B,2,) -> 8644.18 | AB85: 22440.25 | AC85: 3189.26 | AD85: 5482 | AE85: =VLOOKUP(A85,[7]越南VN30指数历史数据!$A:$B,2,) -> 442.44 | AF85: 27857.91 | AG85: 7268.43 | AH85: 11202.95 | AI85: 1061.08 | AJ85: 1269.57
A86: 40755 | B86: 3067.61 | C86: 52949 | D86: 4105.4 | E86: 11444.61 | F86: 12162.17 | G86: 714.63 | H86: 1199.38 | I86: 2532.41 | J86: 33697.87 | K86: 19541.93 | L86: 2447.21 | M86: 6236.16 | N86: =VLOOKUP(A86,'[1]俄罗斯交易系统市值加权指数历史数据 (1)'!$A:$B,2,) -> 1798.75 | O86: 3278.56 | P86: 296.35 | Q86: 5172.06 | R86: 562.66 | S86: 8671.2 | T86: 5246.99 | U86: 2375.15 | V86: =VLOOKUP(A86,[2]韩国KOSPI指数历史数据!$A:$B,2,) -> 1943.75 | W86: =VLOOKUP(A86,[3]日经225指数历史数据!$A:$B,2,) -> 9299.88 | X86: 1154.96 | Y86: =VLOOKUP(A86,[4]上证指数历史数据!$A:$B,2,) -> 2626.42 | Z86: =VLOOKUP(A86,[5]深证成份指数历史数据!$A:$B,2,) -> 11701.76 | AA86: =VLOOKUP(A86,[6]台湾加权指数历史数据!$A:$B,2,) -> 7853.13 | AB86: 20946.14 | AC86: 2994.78 | AD86: 5211.25 | AE86: =VLOOKUP(A86,[7]越南VN30指数历史数据!$A:$B,2,) -> 436.62 | AF86: 25993.94 | AG86: 7244.68 | AH86: 11020.52 | AI86: 1042.05 | AJ86: 1272.92
A87: 40762 | B87: 2966.99 | C87: 53473 | D87: 4172.6 | E87: 11269.02 | F87: 12542.2 | G87: 697.51 | H87: 1178.81 | I87: 2507.98 | J87: 33361.5 | K87: 20289.66 | L87: 2331.53 | M87: 5997.74 | N87: =VLOOKUP(A87,'[1]俄罗斯交易系统市值加权指数历史数据 (1)'!$A:$B,2,) -> 1594.68 | O87: 3213.88 | P87: 291.9 | Q87: 5252.81 | R87: 521.89 | S87: 8647.3 | T87: 5320.03 | U87: 2307.33 | V87: =VLOOKUP(A87,[2]韩国KOSPI指数历史数据!$A:$B,2,) -> 1793.31 | W87: =VLOOKUP(A87,[3]日经225指数历史数据!$A:$B,2,) -> 8963.72 | X87: 1068.63 | Y87: =VLOOKUP(A87,[4]上证指数历史数据!$A:$B,2,) -> 2593.17 | Z87: =VLOOKUP(A87,[5]深证成份指数历史数据!$A:$B,2,) -> 11651.29 | AA87: =VLOOKUP(A87,[6]台湾加权指数历史数据!$A:$B,2,) -> 7637.02 | AB87: 19620.01 | AC87: 2850.59 | AD87: 5072.95 | AE87: =VLOOKUP(A87,[7]越南VN30指数历史数据!$A:$B,2,) -> 416.83 | AF87: 26626.27 | AG87: 6608.24 | AH87: 11366.56 | AI87: 1013.37 | AJ87: 1273.26
A88: 40769 | B88: 2825.38 | C88: 52448 | D88: 4101.9 | E88: 10817.65 | F88: 12007.47 | G88: 651.7 | H88: 1123.53 | I88: 2341.84 | J88: 33136.89 | K88: 19822.53 | L88: 2252.4 | M88: 5480 | N88: =VLOOKUP(A88,'[1]俄罗斯交易系统市值加权指数历史数据 (1)'!$A:$B,2,) -> 1575.33 | O88: 3016.99 | P88: 274.15 | Q88: 5093.75 | R88: 530.62 | S88: 8141.9 | T88: 5040.76 | U88: 2159.07 | V88: =VLOOKUP(A88,[2]韩国KOSPI指数历史数据!$A:$B,2,) -> 1744.88 | W88: =VLOOKUP(A88,[3]日经225指数历史数据!$A:$B,2,) -> 8719.24 | X88: 1065.18 | Y88: =VLOOKUP(A88,[4]上证指数历史数据!$A:$B,2,) -> 2534.36 | Z88: =VLOOKUP(A88,[5]深证成份指数历史数据!$A:$B,2,) -> 11301.53 | AA88: =VLOOKUP(A88,[6]台湾加权指数历史数据!$A:$B,2,) -> 7342.96 | AB88: 19399.92 | AC88: 2733.63 | AD88: 4845.65 | AE88: =VLOOKUP(A88,[7]越南VN30指数历史数据!$A:$B,2,) -> 432.48 | AF88: 26145.28 | AG88: 6823.09 | AH88: 11354.9 | AI88: 1009.01 | AJ88: 1274.38
A89: 40776 | B89: 2883.89 | C89: 53351 | D89: 4200 | E89: 11284.54 | F89: 12327.51 | G89: 691.79 | H89: 1176.8 | I89: 2479.85 | J89: 34042.22 | K89: 19778.32 | L89: 2313.3 | M89: 5537.48 | N89: =VLOOKUP(A89,'[1]俄罗斯交易系统市值加权指数历史数据 (1)'!$A:$B,2,) -> 1596.17 | O89: 3087.64 | P89: 276.6 | Q89: 5323.12 | R89: 537.08 | S89: 8185.5 | T89: 5129.92 | U89: 2190.44 | V89: =VLOOKUP(A89,[2]韩国KOSPI指数历史数据!$A:$B,2,) -> 1778.95 | W89: =VLOOKUP(A89,[3]日经225指数历史数据!$A:$B,2,) -> 8797.78 | X89: 1088.87 | Y89: =VLOOKUP(A89,[4]上证指数历史数据!$A:$B,2,) -> 2612.19 | Z89: =VLOOKUP(A89,[5]深证成份指数历史数据!$A:$B,2,) -> 11568.17 | AA89: =VLOOKUP(A89,[6]台湾加权指数历史数据!$A:$B,2,) -> 7445.1 | AB89: 19582.88 | AC89: 2748.18 | AD89: 4747.8 | AE89: =VLOOKUP(A89,[7]越南VN30指数历史数据!$A:$B,2,) -> 438.82 | AF89: 26200.73 | AG89: 6738.08 | AH89: 11331.07 | AI89: 973.93 | AJ89: 1275.79
A90: 40783 | B90: 2872.11 | C90: 56532 | D90: 4242.9 | E90: 11240.26 | F90: 12602.41 | G90: 683.36 | H90: 1173.97 | I90: 2480.33 | J90: 35134.43 | K90: 20333.22 | L90: 2359.75 | M90: 5538.33 | N90: =VLOOKUP(A90,'[1]俄罗斯交易系统市值加权指数历史数据 (1)'!$A:$B,2,) -> 1657.25 | O90: 3148.53 | P90: 286.43 | Q90: 5359.67 | R90: 553.75 | S90: 8463.5 | T90: 5292.03 | U90: 2220.72 | V90: =VLOOKUP(A90,[2]韩国KOSPI指数历史数据!$A:$B,2,) -> 1867.75 | W90: =VLOOKUP(A90,[3]日经225指数历史数据!$A:$B,2,) -> 8950.74 | X90: 1132.2 | Y90: =VLOOKUP(A90,[4]上证指数历史数据!$A:$B,2,) -> 2528.28 | Z90: =VLOOKUP(A90,[5]深证成份指数历史数据!$A:$B,2,) -> 11228.3 | AA90: =VLOOKUP(A90,[6]台湾加权指数历史数据!$A:$B,2,) -> 7757.06 | AB90: 20212.91 | AC90: 2843.09 | AD90: 5040 | AE90: =VLOOKUP(A90,[7]越南VN30指数历史数据!$A:$B,2,) -> 474.54 | AF90: 27179.73 | AG90: 6692.31 | AH90: 11613.62 | AI90: 954.34 | AJ90: 1279.01
A91: 40790 | B91: 2753.22 | C91: 55778 | D91: 4194.7 | E91: 10992.13 | F91: 12387.54 | G91: 673.96 | H91: 1154.23 | I91: 2467.99 | J91: 33812.62 | K91: 19721.77 | L91: 2248.74 | M91: 5189.93 | N91: =VLOOKUP(A91,'[1]俄罗斯交易系统市值加权指数历史数据 (1)'!$A:$B,2,) -> 1625.29 | O91: 2974.59 | P91: 276.1 | Q91: 5430.77 | R91: 559.03 | S91: 7910.2 | T91: 5214.65 | U91: 2073.67 | V91: =VLOOKUP(A91,[2]韩国KOSPI指数历史数据!$A:$B,2,) -> 1812.93 | W91: =VLOOKUP(A91,[3]日经225指数历史数据!$A:$B,2,) -> 8737.66 | X91: 1062.78 | Y91: =VLOOKUP(A91,[4]上证指数历史数据!$A:$B,2,) -> 2497.75 | Z91: =VLOOKUP(A91,[5]深证成份指数历史数据!$A:$B,2,) -> 10892.39 | AA91: =VLOOKUP(A91,[6]台湾加权指数历史数据!$A:$B,2,) -> 7610.57 | AB91: 19866.63 | AC91: 2825.1 | AD91: 5059.45 | AE91: =VLOOKUP(A91,[7]越南VN30指数历史数据!$A:$B,2,) -> 491.1 | AF91: 27114.18 | AG91: 6859.47 | AH91: 11534.78 | AI91: 943.68 | AJ91: 1283.77
A92: 40797 | B92: 2750.33 | C92: 57210 | D92: 4149.4 | E92: 11509.09 | F92: 12263.71 | G92: 714.31 | H92: 1216.01 | I92: 2622.31 | J92: 35181.44 | K92: 19504.91 | L92: 2298.52 | M92: 5573.51 | N92: =VLOOKUP(A92,'[1]俄罗斯交易系统市值加权指数历史数据 (1)'!$A:$B,2,) -> 1574.94 | O92: 3031.08 | P92: 281.73 | Q92: 5452.88 | R92: 578.97 | S92: 8388.4 | T92: 5368.41 | U92: 2159.28 | V92: =VLOOKUP(A92,[2]韩国KOSPI指数历史数据!$A:$B,2,) -> 1840.1 | W92: =VLOOKUP(A92,[3]日经225指数历史数据!$A:$B,2,) -> 8864.16 | X92: 1056.83 | Y92: =VLOOKUP(A92,[4]上证指数历史数据!$A:$B,2,) -> 2482.34 | Z92: =VLOOKUP(A92,[5]深证成份指数历史数据!$A:$B,2,) -> 10878.23 | AA92: =VLOOKUP(A92,[6]台湾加权指数历史数据!$A:$B,2,) -> 7577.4 | AB92: 19455.31 | AC92: 2789.04 | AD92: 5084.25 | AE92: =VLOOKUP(A92,[7]越南VN30指数历史数据!$A:$B,2,) -> 476.16 | AF92: 27726.22 | AG92: 6278.04 | AH92: 11433.03 | AI92: 944.57 | AJ92: 1286.69
A93: 40804 | B93: 2482.63 | C93: 53230 | D93: 3903.2 | E93: 10771.48 | F93: 11462.87 | G93: 652.43 | H93: 1136.43 | I93: 2483.23 | J93: 32588.43 | K93: 18385.36 | L93: 2101.23 | M93: 5196.56 | N93: =VLOOKUP(A93,'[1]俄罗斯交易系统市值加权指数历史数据 (1)'!$A:$B,2,) -> 1315.95 | O93: 2810.11 | P93: 264.72 | Q93: 5298.83 | R93: 563.23 | S93: 7996.9 | T93: 5066.81 | U93: 2026.03 | V93: =VLOOKUP(A93,[2]韩国KOSPI指数历史数据!$A:$B,2,) -> 1697.44 | W93: =VLOOKUP(A93,[3]日经225指数历史数据!$A:$B,2,) -> 8560.26 | X93: 1038.91 | Y93: =VLOOKUP(A93,[4]上证指数历史数据!$A:$B,2,) -> 2433.16 | Z93: =VLOOKUP(A93,[5]深证成份指数历史数据!$A:$B,2,) -> 10538.4 | AA93: =VLOOKUP(A93,[6]台湾加权指数历史数据!$A:$B,2,) -> 7046.22 | AB93: 17668.83 | AC93: 2698.8 | AD93: 4867.75 | AE93: =VLOOKUP(A93,[7]越南VN30指数历史数据!$A:$B,2,) -> 469.09 | AF93: 26834.39 | AG93: 6231.81 | AH93: 11393.84 | AI93: 901.93 | AJ93: 1285.8
A94: 40811 | B94: 2463.63 | C94: 52324 | D94: 4008.6 | E94: 10913.38 | F94: 11623.84 | G94: 644.16 | H94: 1131.42 | I94: 2415.4 | J94: 33503.28 | K94: 18796.89 | L94: 2188.73 | M94: 5502.02 | N94: =VLOOKUP(A94,'[1]俄罗斯交易系统市值加权指数历史数据 (1)'!$A:$B,2,) -> 1341.09 | O94: 2981.96 | P94: 280.18 | Q94: 5531.74 | R94: 596.93 | S94: 8546.6 | T94: 5128.48 | U94: 2179.66 | V94: =VLOOKUP(A94,[2]韩国KOSPI指数历史数据!$A:$B,2,) -> 1769.65 | W94: =VLOOKUP(A94,[3]日经225指数历史数据!$A:$B,2,) -> 8700.29 | X94: 1077.79 | Y94: =VLOOKUP(A94,[4]上证指数历史数据!$A:$B,2,) -> 2359.22 | Z94: =VLOOKUP(A94,[5]深证成份指数历史数据!$A:$B,2,) -> 10292.33 | AA94: =VLOOKUP(A94,[6]台湾加权指数历史数据!$A:$B,2,) -> 7225.38 | AB94: 17592.41 | AC94: 2675.16 | AD94: 4943.25 | AE94: =VLOOKUP(A94,[7]越南VN30指数历史数据!$A:$B,2,) -> 455.97 | AF94: 26375.82 | AG94: 5977.67 | AH94: 11467.63 | AI94: 912.71 | AJ94: 1286.71
A95: 40818 | B95: 2325.95 | C95: 51244 | D95: 4162.9 | E95: 11103.12 | F95: 11588.36 | G95: 656.21 | H95: 1155.46 | I95: 2479.35 | J95: 33005.09 | K95: 18660.68 | L95: 2190.35 | M95: 5675.7 | N95: =VLOOKUP(A95,'[1]俄罗斯交易系统市值加权指数历史数据 (1)'!$A:$B,2,) -> 1311.91 | O95: 3095.56 | P95: 288.31 | Q95: 5652.23 | R95: 573.39 | S95: 8798.4 | T95: 5303.4 | U95: 2269.19 | V95: =VLOOKUP(A95,[2]韩国KOSPI指数历史数据!$A:$B,2,) -> 1759.77 | W95: =VLOOKUP(A95,[3]日经225指数历史数据!$A:$B,2,) -> 8605.62 | X95: 1049.92 | Y95: =VLOOKUP(A95,[4]上证指数历史数据!$A:$B,2,) -> #N/A | Z95: =VLOOKUP(A95,[5]深证成份指数历史数据!$A:$B,2,) -> #N/A | AA95: =VLOOKUP(A95,[6]台湾加权指数历史数据!$A:$B,2,) -> 7211.96 | AB95: 17707.01 | AC95: 2640.3 | AD95: 4888.05 | AE95: =VLOOKUP(A95,[7]越南VN30指数历史数据!$A:$B,2,) -> 446.3 | AF95: 27001.46 | AG95: 5726.06 | AH95: 11374.16 | AI95: 893.34 | AJ95: 1297.27
A96: 40825 | B96: 2717.05 | C96: 55030 | D96: 4205.6 | E96: 11644.49 | F96: 12081.73 | G96: 712.46 | H96: 1224.58 | I96: 2667.85 | J96: 34848.42 | K96: 19233.73 | L96: 2300.65 | M96: 5967.2 | N96: =VLOOKUP(A96,'[1]俄罗斯交易系统市值加权指数历史数据 (1)'!$A:$B,2,) -> 1449.28 | O96: 3217.89 | P96: 302.41 | Q96: 5761.12 | R96: 593 | S96: 8975.5 | T96: 5466.36 | U96: 2355.48 | V96: =VLOOKUP(A96,[2]韩国KOSPI指数历史数据!$A:$B,2,) -> 1835.4 | W96: =VLOOKUP(A96,[3]日经225指数历史数据!$A:$B,2,) -> 8747.96 | X96: 1084.73 | Y96: =VLOOKUP(A96,[4]上证指数历史数据!$A:$B,2,) -> 2431.37 | Z96: =VLOOKUP(A96,[5]深证成份指数历史数据!$A:$B,2,) -> 10438.26 | AA96: =VLOOKUP(A96,[6]台湾加权指数历史数据!$A:$B,2,) -> 7358.08 | AB96: 18501.79 | AC96: 2744.17 | AD96: 5132.3 | AE96: =VLOOKUP(A96,[7]越南VN30指数历史数据!$A:$B,2,) -> 440.96 | AF96: 27839.76 | AG96: 5962.85 | AH96: 11546.68 | AI96: 880.64 | AJ96: 1305.91
A97: 40832 | B97: 2797.53 | C97: 55255 | D97: 4141.9 | E97: 11808.79 | F97: 11949.49 | G97: 712.42 | H97: 1238.25 | I97: 2637.46 | J97: 35020.74 | K97: 19830.74 | L97: 2305.42 | M97: 5970.96 | N97: =VLOOKUP(A97,'[1]俄罗斯交易系统市值加权指数历史数据 (1)'!$A:$B,2,) -> 1456.73 | O97: 3171.34 | P97: 305.7 | Q97: 5753.52 | R97: 567.92 | S97: 8853 | T97: 5488.65 | U97: 2337.51 | V97: =VLOOKUP(A97,[2]韩国KOSPI指数历史数据!$A:$B,2,) -> 1838.38 | W97: =VLOOKUP(A97,[3]日经225指数历史数据!$A:$B,2,) -> 8678.89 | X97: 1122.62 | Y97: =VLOOKUP(A97,[4]上证指数历史数据!$A:$B,2,) -> 2317.28 | Z97: =VLOOKUP(A97,[5]深证成份指数历史数据!$A:$B,2,) -> 9697.21 | AA97: =VLOOKUP(A97,[6]台湾加权指数历史数据!$A:$B,2,) -> 7254.51 | AB97: 18025.72 | AC97: 2712.41 | AD97: 5049.95 | AE97: =VLOOKUP(A97,[7]越南VN30指数历史数据!$A:$B,2,) -> 434.01 | AF97: 28165.61 | AG97: 6122.62 | AH97: 11381.58 | AI97: 899.96 | AJ97: 1305.99
A98: 40839 | B98: 3015.22 | C98: 59513 | D98: 4353.3 | E98: 12231.11 | F98: 12519.51 | G98: 761 | H98: 1285.09 | I98: 2737.15 | J98: 36708.64 | K98: 20711.29 | L98: 2409.3 | M98: 6346.19 | N98: =VLOOKUP(A98,'[1]俄罗斯交易系统市值加权指数历史数据 (1)'!$A:$B,2,) -> 1610.32 | O98: 3348.63 | P98: 313.01 | Q98: 5852.66 | R98: 570.42 | S98: 9224.4 | T98: 5702.24 | U98: 2462.36 | V98: =VLOOKUP(A98,[2]韩国KOSPI指数历史数据!$A:$B,2,) -> 1929.48 | W98: =VLOOKUP(A98,[3]日经225指数历史数据!$A:$B,2,) -> 9050.47 | X98: 1168.52 | Y98: =VLOOKUP(A98,[4]上证指数历史数据!$A:$B,2,) -> 2473.41 | Z98: =VLOOKUP(A98,[5]深证成份指数历史数据!$A:$B,2,) -> 10561.99 | AA98: =VLOOKUP(A98,[6]台湾加权指数历史数据!$A:$B,2,) -> 7616.06 | AB98: 20019.24 | AC98: 2905.72 | AD98: 5360.7 | AE98: =VLOOKUP(A98,[7]越南VN30指数历史数据!$A:$B,2,) -> 447.44 | AF98: 29566.8 | AG98: 6204.78 | AH98: 11279.06 | AI98: 930.43 | AJ98: 1303.69
A99: 40846 | B99: 2761.36 | C99: 58670 | D99: 4281.1 | E99: 11983.24 | F99: 12408.25 | G99: 746.49 | H99: 1253.23 | I99: 2686.15 | J99: 36689.38 | K99: 20506.69 | L99: 2362.72 | M99: 5966.16 | N99: =VLOOKUP(A99,'[1]俄罗斯交易系统市值加权指数历史数据 (1)'!$A:$B,2,) -> 1542.39 | O99: 3123.55 | P99: 301.97 | Q99: 5659.83 | R99: 561.8 | S99: 8596.4 | T99: 5527.16 | U99: 2291.47 | V99: =VLOOKUP(A99,[2]韩国KOSPI指数历史数据!$A:$B,2,) -> 1928.41 | W99: =VLOOKUP(A99,[3]日经225指数历史数据!$A:$B,2,) -> 8801.4 | X99: 1106.52 | Y99: =VLOOKUP(A99,[4]上证指数历史数据!$A:$B,2,) -> 2528.29 | Z99: =VLOOKUP(A99,[5]深证成份指数历史数据!$A:$B,2,) -> 10699.49 | AA99: =VLOOKUP(A99,[6]台湾加权指数历史数据!$A:$B,2,) -> 7603.23 | AB99: 19842.79 | AC99: 2848.24 | AD99: 5284.2 | AE99: =VLOOKUP(A99,[7]越南VN30指数历史数据!$A:$B,2,) -> 436.72 | AF99: 28553.6 | AG99: 6316.71 | AH99: 11255.72 | AI99: 901.89 | AJ99: 1303.84
A100: 40853 | B100: 2751.67 | C100: 58547 | D100: 4296.5 | E100: 12153.68 | F100: 12276.85 | G100: 744.64 | H100: 1263.85 | I100: 2678.75 | J100: 37555.65 | K100: 20759.75 | L100: 2288.44 | M100: 6057.03 | N100: =VLOOKUP(A100,'[1]俄罗斯交易系统市值加权指数历史数据 (1)'!$A:$B,2,) -> 1530.7 | O100: 3149.38 | P100: 300.98 | Q100: 5649.03 | R100: 562.01 | S100: 8556.1 | T100: 5545.38 | U100: 2324.81 | V100: =VLOOKUP(A100,[2]韩国KOSPI指数历史数据!$A:$B,2,) -> 1863.45 | W100: =VLOOKUP(A100,[3]日经225指数历史数据!$A:$B,2,) -> 8514.47 | X100: 1105.84 | Y100: =VLOOKUP(A100,[4]上证指数历史数据!$A:$B,2,) -> 2481.08 | Z100: =VLOOKUP(A100,[5]深证成份指数历史数据!$A:$B,2,) -> 10418.93 | AA100: =VLOOKUP(A100,[6]台湾加权指数历史数据!$A:$B,2,) -> 7367.29 | AB100: 19137.17 | AC100: 2790.94 | AD100: 5168.85 | AE100: =VLOOKUP(A100,[7]越南VN30指数历史数据!$A:$B,2,) -> 422.14 | AF100: 28888.5 | AG100: 6260.55 | AH100: 11225.12 | AI100: 895.64 | AJ100: 1303.7
...
